#ifndef DISPLAY_H
#define DISPLAY_H

#include <Arduino.h>
#include <Wire.h>
#include <Adafruit_GFX.h>
#include <Adafruit_SH110X.h>
#include "Config.h"

// ============================================================
// Configuración de la pantalla
// ============================================================

#define SCREEN_WIDTH        128
#define SCREEN_HEIGHT       128
#define DISPLAY_REFRESH_MS  100

#define TEXT_SMALL 1
#define TEXT_NORMAL 2

// ============================================================
// Variables Globales Accesibles
// ============================================================

extern Adafruit_SH1107 display;
extern const char* nombresMensajes[];
extern const char* nombresJuegos[];

// ============================================================
// Funciones Display
// ============================================================

void Display_begin();

void Display_update();
void Display_clear();

void Display_centerText(const String &text);

void drawMenu();
void drawInstantMessagesMenu();
void drawGamesMenu();
void moveCursor();

void drawMorseSuggestion();
void drawMorseTable();
void drawMorse();

void animateHippo();
void animateHippoWithZzz();
void animateHippoAproaching();
void animateHippoRetreating();
void animateHippoBonked();
void animateHippoChasingHeart();
void animateHippoGivingHeart();
void drawHeart(int x, int y, int color);

// ============================================================
// BITMAPS 
// ============================================================

const unsigned char martilloBitMap[] PROGMEM = {
  0x00, 0x00, 0x00, 0x00, 0x00, 0x00, 0x00, 0xff, 0x80, 0x00, 0x00, 0x3c, 0x3c, 0x40, 0x00, 0x00,
  0x27, 0x00, 0x10, 0x00, 0x00, 0x24, 0x00, 0x18, 0x00, 0x00, 0x24, 0x00, 0x08, 0x00, 0x00, 0x24,
  0x00, 0x04, 0x00, 0x00, 0x27, 0x00, 0x62, 0x00, 0x00, 0x24, 0x80, 0x92, 0x00, 0x00, 0x18, 0xff,
  0x8e, 0x00, 0x00, 0x00, 0x7f, 0x00, 0x00, 0x00, 0x00, 0x43, 0x00, 0x00, 0x00, 0x00, 0x41, 0x00,
  0x00, 0x00, 0x00, 0x41, 0x00, 0x00, 0x00, 0x00, 0x41, 0x00, 0x00, 0x00, 0x00, 0x41, 0x00, 0x00,
  0x00, 0x00, 0x41, 0x00, 0x00, 0x00, 0x00, 0x41, 0x00, 0x00, 0x00, 0x00, 0x41, 0x00, 0x00, 0x00,
  0x00, 0x41, 0x00, 0x00, 0x00, 0x00, 0x41, 0x00, 0x00, 0x00, 0x00, 0x41, 0x00, 0x00, 0x00, 0x00,
  0x41, 0x00, 0x00, 0x00, 0x00, 0x41, 0x00, 0x00, 0x00, 0x00, 0x41, 0x00, 0x00, 0x00, 0x00, 0x43,
  0x00, 0x00, 0x00, 0x00, 0x77, 0x00, 0x00, 0x00, 0x00, 0x3e, 0x00, 0x00, 0x00, 0x00, 0x00, 0x00,
  0x00, 0x00, 0x00, 0x00, 0x00, 0x00
};
const unsigned char flechaBitMap [] PROGMEM = {
	0x00, 0x00, 0x00, 0x00, 0x00, 0x00, 0x1e, 0x00, 0x00, 0x00, 0x00, 0x3e, 0x00, 0x00, 0x00, 0x00, 
	0x7e, 0x00, 0x00, 0x00, 0x00, 0xfe, 0x00, 0x00, 0x00, 0x01, 0xfc, 0x00, 0x00, 0x00, 0x03, 0xff, 
	0xff, 0xe0, 0x00, 0x07, 0xff, 0xff, 0xfc, 0x00, 0x07, 0xff, 0xff, 0xfe, 0x00, 0x07, 0xff, 0xff, 
	0xff, 0x00, 0x07, 0xff, 0xff, 0xff, 0x80, 0x03, 0xfc, 0x00, 0x7f, 0xc0, 0x01, 0xfe, 0x00, 0x1f, 
	0xc0, 0x00, 0xfe, 0x00, 0x0f, 0xe0, 0x00, 0x7e, 0x00, 0x07, 0xe0, 0x00, 0x3e, 0x00, 0x03, 0xe0, 
	0x00, 0x0c, 0x00, 0x03, 0xe0, 0x00, 0x00, 0x00, 0x03, 0xe0, 0x00, 0x00, 0x00, 0x03, 0xe0, 0x00, 
	0x00, 0x00, 0x03, 0xe0, 0x00, 0x00, 0x00, 0x07, 0xe0, 0x00, 0x00, 0x00, 0x0f, 0xe0, 0x00, 0x00, 
	0x00, 0x1f, 0xc0, 0x00, 0x00, 0x00, 0x7f, 0xc0, 0x01, 0xff, 0xff, 0xff, 0x80, 0x01, 0xff, 0xff, 
	0xff, 0x00, 0x03, 0xff, 0xff, 0xfe, 0x00, 0x01, 0xff, 0xff, 0xfc, 0x00, 0x01, 0xff, 0xff, 0xf0, 
	0x00, 0x00, 0x00, 0x00, 0x00, 0x00
};
const unsigned char carpetaBitMap [] PROGMEM = {
	0x00, 0x00, 0x00, 0x00, 0x00, 0x00, 0x00, 0x00, 0x00, 0x00, 0x00, 0x00, 0x00, 0x00, 0x00, 0x00, 
	0x7f, 0x00, 0x00, 0x00, 0x00, 0x80, 0xc0, 0x00, 0x00, 0x00, 0x80, 0x40, 0x00, 0x00, 0x00, 0x80, 
	0x20, 0x00, 0x00, 0x00, 0x80, 0x3f, 0xff, 0x00, 0x00, 0x80, 0x00, 0x01, 0x00, 0x00, 0xbf, 0xff, 
	0xfc, 0x80, 0x00, 0xa0, 0x00, 0x07, 0x80, 0x01, 0xe0, 0x00, 0x07, 0x80, 0x03, 0xff, 0xff, 0xff, 
	0xc0, 0x02, 0x00, 0x00, 0x00, 0x40, 0x02, 0x00, 0x00, 0x00, 0x40, 0x02, 0x00, 0x00, 0x00, 0x40, 
	0x02, 0x00, 0x00, 0x00, 0x40, 0x01, 0x00, 0x00, 0x00, 0x40, 0x01, 0x00, 0x00, 0x00, 0x40, 0x01, 
	0x00, 0x00, 0x00, 0x80, 0x01, 0x00, 0x00, 0x00, 0x80, 0x01, 0x00, 0x00, 0x00, 0x80, 0x01, 0x00, 
	0x00, 0x00, 0x80, 0x00, 0x80, 0x00, 0x00, 0x80, 0x00, 0x80, 0x00, 0x00, 0x80, 0x00, 0x80, 0x00, 
	0x01, 0x00, 0x00, 0xff, 0xff, 0xff, 0x00, 0x00, 0x00, 0x00, 0x00, 0x00, 0x00, 0x00, 0x00, 0x00, 
	0x00, 0x00, 0x00, 0x00, 0x00, 0x00
};
const unsigned char hippoBitMap40 [] PROGMEM = {
	0x00, 0x00, 0x00, 0x00, 0x00, 0x00, 0x00, 0xfe, 0x00, 0x00, 0x00, 0x07, 0xff, 0xc0, 0x00, 0x00, 
	0x1f, 0xff, 0xf0, 0x00, 0x00, 0xff, 0xff, 0xfe, 0x00, 0x01, 0xff, 0x67, 0xff, 0x80, 0x03, 0x1e, 
	0x7b, 0xff, 0xc0, 0x00, 0x1c, 0x7f, 0xff, 0xe0, 0x01, 0x9c, 0x61, 0xff, 0xe0, 0x0f, 0x0e, 0x00, 
	0xff, 0xf0, 0x07, 0x87, 0x80, 0x7f, 0xf8, 0x00, 0xc0, 0x80, 0x7f, 0xf8, 0x00, 0xc0, 0x00, 0x01, 
	0xf8, 0x00, 0xc0, 0x00, 0x00, 0x7c, 0x30, 0xf0, 0x80, 0x00, 0x3c, 0x30, 0xf9, 0xe0, 0x00, 0x20, 
	0x20, 0xfc, 0xf0, 0x00, 0x00, 0x0d, 0xfc, 0xf0, 0x00, 0x00, 0x1e, 0xfe, 0x20, 0x00, 0x00, 0x16, 
	0x1e, 0x00, 0x00, 0x00, 0x00, 0x02, 0x00, 0x00, 0x00, 0x40, 0x02, 0x00, 0x00, 0x00, 0x00, 0x02, 
	0x00, 0x00, 0x00, 0x00, 0x00, 0x00, 0x00, 0x00, 0x00, 0x00, 0x00, 0x00, 0x00, 0x00, 0x00, 0x00, 
	0x00, 0x00, 0x00, 0x00, 0x00, 0x00, 0x00, 0x00, 0x00, 0x00, 0x00, 0x00, 0x00, 0x00, 0x00, 0x00, 
	0x00, 0x00, 0x00, 0x00, 0x00, 0x00, 0x00, 0x00, 0x00, 0x00, 0x00, 0x00, 0x00, 0x00, 0x40, 0x00, 
	0x00, 0x00, 0x00, 0x80, 0x80, 0x00, 0x20, 0x38, 0x81, 0xc0, 0x00, 0x60, 0x3b, 0x00, 0xe0, 0x00, 
	0x40, 0x2c, 0x00, 0x00, 0x00, 0x00, 0x24, 0x00, 0x00, 0x00, 0x00, 0x00, 0x00, 0x00, 0x00, 0x00, 
	0x00, 0x00, 0x00, 0x00, 0x00, 0x00, 0x00, 0x00
};
const unsigned char hippoBitMap60 [] PROGMEM = {
	0x00, 0x00, 0x00, 0x00, 0x00, 0x00, 0x00, 0x00, 0x00, 0x00, 0x00, 0x00, 0x00, 0x00, 0x00, 0x00, 
	0x00, 0x00, 0x01, 0xff, 0xf0, 0x00, 0x00, 0x00, 0x00, 0x00, 0x0f, 0xff, 0xfe, 0x00, 0x00, 0x00, 
	0x00, 0x00, 0x3f, 0xff, 0xff, 0x80, 0x00, 0x00, 0x00, 0x00, 0xff, 0xff, 0xff, 0xe0, 0x00, 0x00, 
	0x00, 0x0f, 0xff, 0xfb, 0xff, 0xfe, 0x00, 0x00, 0x00, 0x1f, 0xff, 0xf9, 0xff, 0xff, 0x80, 0x00, 
	0x00, 0x3f, 0xfe, 0x32, 0xff, 0xff, 0xc0, 0x00, 0x00, 0xff, 0xfc, 0x3b, 0x7f, 0xff, 0xe0, 0x00, 
	0x00, 0x40, 0x7c, 0x3f, 0x7f, 0xff, 0xf0, 0x00, 0x00, 0x00, 0x78, 0x3e, 0x3f, 0xff, 0xf8, 0x00, 
	0x00, 0x18, 0x78, 0x72, 0x1f, 0xff, 0xf8, 0x00, 0x03, 0xf8, 0x7c, 0x70, 0x1f, 0xff, 0xfc, 0x00, 
	0x07, 0xf0, 0x1f, 0x00, 0x0f, 0xff, 0xfe, 0x00, 0x06, 0xf8, 0x0f, 0x80, 0x07, 0xff, 0xfe, 0x00, 
	0x00, 0x0c, 0x01, 0xc0, 0x07, 0xff, 0xff, 0x00, 0x08, 0x0e, 0x00, 0x40, 0x03, 0xff, 0xff, 0x00, 
	0x08, 0x06, 0x00, 0x00, 0x00, 0x01, 0xff, 0x00, 0x08, 0x06, 0x00, 0x00, 0x00, 0x00, 0x7f, 0x80, 
	0x08, 0x07, 0x00, 0x00, 0x00, 0x00, 0x3f, 0x80, 0x1c, 0x0f, 0xc0, 0xc0, 0x00, 0x00, 0x19, 0x80, 
	0x1c, 0x0f, 0xe1, 0xf0, 0x00, 0x00, 0x19, 0x80, 0x18, 0x0f, 0xf1, 0xf8, 0x00, 0x00, 0x18, 0x80, 
	0x10, 0x0f, 0xf9, 0xfc, 0x00, 0x00, 0x00, 0x80, 0x32, 0x1f, 0xf8, 0xfc, 0x00, 0x00, 0x00, 0x80, 
	0x23, 0x9f, 0xfc, 0x7c, 0x00, 0x00, 0x00, 0x80, 0x07, 0xcf, 0xfc, 0x38, 0x00, 0x00, 0x00, 0x00, 
	0x07, 0xc7, 0xfc, 0x00, 0x00, 0x00, 0x00, 0x80, 0x08, 0xc0, 0xfc, 0x00, 0x00, 0x00, 0x00, 0x00, 
	0x00, 0x00, 0x06, 0x00, 0x00, 0x00, 0x00, 0x00, 0x00, 0x00, 0x06, 0x00, 0x00, 0x00, 0x00, 0x00, 
	0x40, 0x00, 0x06, 0x00, 0x00, 0x00, 0x02, 0x00, 0x40, 0x00, 0x06, 0x00, 0x00, 0x00, 0x02, 0x00, 
	0x00, 0x00, 0x06, 0x00, 0x00, 0x00, 0x06, 0x00, 0x00, 0x00, 0x00, 0x00, 0x00, 0x00, 0x06, 0x00, 
	0x00, 0x00, 0x00, 0x00, 0x00, 0x00, 0x04, 0x00, 0x00, 0x00, 0x00, 0x00, 0x00, 0x00, 0x00, 0x00, 
	0x00, 0x00, 0x00, 0x00, 0x00, 0x00, 0x00, 0x00, 0x00, 0x00, 0x00, 0x00, 0x00, 0x00, 0x00, 0x00, 
	0x01, 0x80, 0x00, 0x00, 0x00, 0x00, 0x00, 0x00, 0x00, 0x00, 0x00, 0x00, 0x00, 0x00, 0x00, 0x00, 
	0x00, 0x00, 0x00, 0x00, 0x00, 0x00, 0x00, 0x00, 0x00, 0x00, 0x00, 0x00, 0x00, 0x00, 0x00, 0x00, 
	0x00, 0x00, 0x00, 0x00, 0x00, 0x00, 0x00, 0x00, 0x00, 0x00, 0x00, 0x00, 0x00, 0x00, 0x00, 0x00, 
	0x00, 0x00, 0x00, 0x00, 0x04, 0x00, 0x00, 0x00, 0x00, 0x00, 0x00, 0x00, 0x04, 0x00, 0x00, 0x00, 
	0x00, 0x00, 0x00, 0x00, 0x0c, 0x00, 0xc0, 0x00, 0x00, 0x01, 0x00, 0x00, 0x0c, 0x01, 0xc0, 0x00, 
	0x00, 0x01, 0x80, 0x1f, 0x18, 0x01, 0xe0, 0x00, 0x00, 0x03, 0x00, 0x1f, 0x70, 0x01, 0x30, 0x00, 
	0x00, 0x06, 0x00, 0x1f, 0xc0, 0x01, 0x30, 0x00, 0x00, 0x0c, 0x00, 0x19, 0x80, 0x00, 0x10, 0x00, 
	0x00, 0x00, 0x01, 0x19, 0x80, 0x00, 0x00, 0x00, 0x00, 0x00, 0x00, 0x00, 0x80, 0x00, 0x00, 0x00, 
	0x00, 0x00, 0x00, 0x00, 0x00, 0x00, 0x00, 0x00, 0x00, 0x00, 0x00, 0x00, 0x00, 0x00, 0x00, 0x00, 
	0x00, 0x00, 0x00, 0x00, 0x00, 0x00, 0x00, 0x00, 0x00, 0x00, 0x00, 0x00, 0x00, 0x00, 0x00, 0x00
};
const unsigned char hippoBitMap61 [] PROGMEM = {
	0x00, 0x00, 0x00, 0x00, 0x00, 0x00, 0x00, 0x00, 0x00, 0x00, 0x00, 0x00, 0x00, 0x00, 0x00, 0x00, 
	0x00, 0x00, 0x01, 0xff, 0xf0, 0x00, 0x00, 0x00, 0x00, 0x00, 0x07, 0xff, 0xfe, 0x00, 0x00, 0x00, 
	0x00, 0x00, 0x1f, 0xff, 0xff, 0xc0, 0x00, 0x00, 0x00, 0x00, 0x7f, 0xff, 0xff, 0xf0, 0x00, 0x00, 
	0x00, 0x07, 0xff, 0xfd, 0xff, 0xfe, 0x00, 0x00, 0x00, 0x1f, 0xff, 0xfc, 0xff, 0xff, 0x80, 0x00, 
	0x00, 0x3f, 0xfe, 0x1a, 0xff, 0xff, 0xc0, 0x00, 0x00, 0x7f, 0xfe, 0x1b, 0x7f, 0xff, 0xe0, 0x00, 
	0x00, 0x40, 0x7c, 0x1f, 0x3f, 0xff, 0xf0, 0x00, 0x00, 0x00, 0x78, 0x1e, 0xbf, 0xff, 0xf8, 0x00, 
	0x00, 0x04, 0x38, 0x3e, 0x9f, 0xff, 0xfc, 0x00, 0x01, 0xf8, 0x7c, 0x38, 0x0f, 0xff, 0xfc, 0x00, 
	0x07, 0xf0, 0x1f, 0x00, 0x0f, 0xff, 0xfe, 0x00, 0x07, 0xf8, 0x0f, 0x80, 0x07, 0xff, 0xff, 0x00, 
	0x00, 0x0e, 0x01, 0xc0, 0x07, 0xff, 0xff, 0x80, 0x08, 0x0e, 0x01, 0x40, 0x03, 0xff, 0xff, 0x80, 
	0x08, 0x06, 0x00, 0x20, 0x00, 0xe3, 0xff, 0x80, 0x08, 0x06, 0x00, 0x00, 0x00, 0x00, 0xff, 0xc0, 
	0x08, 0x07, 0x00, 0x00, 0x00, 0x00, 0x3f, 0xc0, 0x08, 0x0f, 0x80, 0x40, 0x00, 0x00, 0x1d, 0xc0, 
	0x1c, 0x0f, 0xf0, 0xe0, 0x00, 0x00, 0x0c, 0xc0, 0x18, 0x0f, 0xf1, 0xf8, 0x00, 0x00, 0x0c, 0x40, 
	0x18, 0x0f, 0xfd, 0xfc, 0x00, 0x00, 0x0c, 0x40, 0x31, 0x0f, 0xf9, 0xfc, 0x00, 0x00, 0x00, 0x40, 
	0x33, 0x1f, 0xf8, 0xfc, 0x00, 0x00, 0x00, 0x40, 0x07, 0xdf, 0xfc, 0x3c, 0x00, 0x00, 0x00, 0x00, 
	0x07, 0xcf, 0xfc, 0x00, 0x00, 0x00, 0x00, 0x00, 0x0d, 0xc0, 0xfc, 0x00, 0x00, 0x00, 0x00, 0x00, 
	0x00, 0x00, 0x02, 0x00, 0x00, 0x00, 0x00, 0x00, 0x00, 0x00, 0x02, 0x00, 0x00, 0x00, 0x00, 0x00, 
	0x40, 0x00, 0x02, 0x00, 0x00, 0x00, 0x00, 0x00, 0x40, 0x00, 0x02, 0x00, 0x00, 0x00, 0x01, 0x00, 
	0x00, 0x00, 0x02, 0x00, 0x00, 0x00, 0x03, 0x00, 0x00, 0x00, 0x00, 0x00, 0x00, 0x00, 0x03, 0x00, 
	0x00, 0x00, 0x00, 0x00, 0x00, 0x00, 0x02, 0x00, 0x40, 0x00, 0x00, 0x00, 0x00, 0x00, 0x00, 0x00, 
	0x00, 0x00, 0x00, 0x00, 0x00, 0x00, 0x00, 0x00, 0x00, 0x00, 0x00, 0x00, 0x00, 0x00, 0x00, 0x00, 
	0x00, 0x00, 0x00, 0x00, 0x00, 0x00, 0x04, 0x00, 0x00, 0x00, 0x00, 0x00, 0x00, 0x00, 0x00, 0x00, 
	0x00, 0x00, 0x00, 0x00, 0x00, 0x00, 0x00, 0x00, 0x00, 0x00, 0x00, 0x00, 0x00, 0x00, 0x00, 0x00, 
	0x00, 0x00, 0x00, 0x00, 0x00, 0x00, 0x00, 0x00, 0x00, 0x00, 0x00, 0x00, 0x00, 0x00, 0x00, 0x00, 
	0x00, 0x00, 0x00, 0x00, 0x00, 0x00, 0x20, 0x00, 0x00, 0x00, 0x00, 0x00, 0x86, 0x00, 0x20, 0x00, 
	0x00, 0x00, 0x00, 0x00, 0x06, 0x00, 0x00, 0x00, 0x00, 0x00, 0x00, 0x00, 0x06, 0x00, 0xe0, 0x00, 
	0x00, 0x01, 0x80, 0x0f, 0x0c, 0x00, 0xe0, 0x00, 0x00, 0x01, 0x80, 0x0f, 0x18, 0x00, 0xf0, 0x00, 
	0x00, 0x03, 0x00, 0x0f, 0x70, 0x00, 0xb8, 0x00, 0x00, 0x06, 0x00, 0x0f, 0xe0, 0x00, 0x98, 0x00, 
	0x00, 0x0c, 0x00, 0x09, 0x80, 0x00, 0x08, 0x00, 0x00, 0x00, 0x00, 0x08, 0xc0, 0x00, 0x00, 0x00, 
	0x00, 0x00, 0x00, 0x00, 0x40, 0x00, 0x00, 0x00, 0x00, 0x00, 0x00, 0x00, 0x00, 0x00, 0x00, 0x00, 
	0x00, 0x00, 0x00, 0x00, 0x00, 0x00, 0x00, 0x00, 0x00, 0x00, 0x00, 0x00, 0x00, 0x00, 0x00, 0x00, 
	0x00, 0x00, 0x00, 0x00, 0x00, 0x00, 0x00, 0x00
};
const unsigned char hippoBitMap62 [] PROGMEM = {
	0x00, 0x00, 0x00, 0x00, 0x00, 0x00, 0x00, 0x00, 0x00, 0x00, 0x00, 0x00, 0x00, 0x00, 0x00, 0x00, 
	0x00, 0x00, 0x00, 0xff, 0xf8, 0x00, 0x00, 0x00, 0x00, 0x00, 0x07, 0xff, 0xff, 0x00, 0x00, 0x00, 
	0x00, 0x00, 0x1f, 0xff, 0xff, 0xe0, 0x00, 0x00, 0x00, 0x00, 0x7f, 0xff, 0xff, 0xf0, 0x00, 0x00, 
	0x00, 0x07, 0xff, 0xff, 0xff, 0xff, 0x00, 0x00, 0x00, 0x0f, 0xff, 0xfc, 0xff, 0xff, 0xc0, 0x00, 
	0x00, 0x1f, 0xff, 0x1c, 0x7f, 0xff, 0xe0, 0x00, 0x00, 0x7f, 0xfe, 0x1d, 0xff, 0xff, 0xf0, 0x00, 
	0x00, 0x60, 0x7e, 0x1f, 0xbf, 0xff, 0xf8, 0x00, 0x00, 0x00, 0x3c, 0x1f, 0x3f, 0xff, 0xfc, 0x00, 
	0x00, 0x04, 0x38, 0x3f, 0x1f, 0xff, 0xfe, 0x00, 0x00, 0x3c, 0x7c, 0x38, 0x0f, 0xff, 0xfe, 0x00, 
	0x03, 0xf8, 0x3e, 0x18, 0x07, 0xff, 0xff, 0x00, 0x07, 0xf8, 0x0f, 0x80, 0x03, 0xff, 0xff, 0x80, 
	0x00, 0x0c, 0x01, 0xc0, 0x03, 0xff, 0xff, 0x80, 0x08, 0x0f, 0x00, 0xc0, 0x01, 0xff, 0xff, 0xc0, 
	0x08, 0x07, 0x00, 0x00, 0x00, 0x61, 0xff, 0xc0, 0x08, 0x07, 0x00, 0x00, 0x00, 0x00, 0x7f, 0xc0, 
	0x08, 0x07, 0x00, 0x00, 0x00, 0x00, 0x1f, 0xc0, 0x08, 0x07, 0x80, 0x00, 0x00, 0x00, 0x1f, 0xc0, 
	0x1c, 0x0f, 0xe0, 0xe0, 0x00, 0x00, 0x0e, 0x40, 0x1c, 0x0f, 0xf0, 0xf8, 0x00, 0x00, 0x06, 0x40, 
	0x18, 0x0f, 0xf8, 0xfe, 0x00, 0x00, 0x06, 0x00, 0x10, 0x0f, 0xfc, 0xfe, 0x00, 0x00, 0x00, 0x00, 
	0x33, 0x1f, 0xf8, 0xfe, 0x00, 0x00, 0x00, 0x00, 0x23, 0x9f, 0xfe, 0x7e, 0x00, 0x00, 0x00, 0x00, 
	0x07, 0xcf, 0xfe, 0x3c, 0x00, 0x00, 0x00, 0x00, 0x07, 0xc7, 0xfe, 0x00, 0x00, 0x00, 0x00, 0x00, 
	0x0c, 0xc0, 0x7e, 0x00, 0x00, 0x00, 0x00, 0x00, 0x00, 0x00, 0x03, 0x00, 0x00, 0x00, 0x00, 0x00, 
	0x00, 0x00, 0x03, 0x00, 0x00, 0x00, 0x00, 0x00, 0x40, 0x00, 0x03, 0x00, 0x00, 0x00, 0x00, 0x80, 
	0x40, 0x00, 0x03, 0x00, 0x00, 0x00, 0x10, 0x80, 0x00, 0x00, 0x03, 0x00, 0x00, 0x00, 0x01, 0x80, 
	0x00, 0x00, 0x00, 0x00, 0x00, 0x00, 0x01, 0x80, 0x00, 0x00, 0x00, 0x00, 0x00, 0x00, 0x01, 0x00, 
	0x00, 0x00, 0x00, 0x00, 0x00, 0x00, 0x00, 0x00, 0x00, 0x00, 0x00, 0x00, 0x00, 0x00, 0x00, 0x00, 
	0x00, 0x00, 0x00, 0x00, 0x00, 0x00, 0x00, 0x00, 0x01, 0x80, 0x00, 0x00, 0x00, 0x00, 0x00, 0x00, 
	0x00, 0x00, 0x00, 0x00, 0x00, 0x00, 0x00, 0x00, 0x00, 0x00, 0x00, 0x00, 0x00, 0x00, 0x00, 0x00, 
	0x00, 0x00, 0x00, 0x00, 0x00, 0x00, 0x00, 0x00, 0x00, 0x00, 0x00, 0x00, 0x00, 0x00, 0x00, 0x00, 
	0x00, 0x00, 0x00, 0x00, 0x00, 0x00, 0x10, 0x00, 0x00, 0x00, 0x00, 0x00, 0x04, 0x00, 0x10, 0x00, 
	0x00, 0x00, 0x00, 0x00, 0x03, 0x00, 0x10, 0x00, 0x00, 0x00, 0x00, 0x00, 0x03, 0x00, 0x20, 0x00, 
	0x00, 0x00, 0x00, 0x00, 0x07, 0x00, 0x60, 0x00, 0x00, 0x00, 0x80, 0x0f, 0x86, 0x00, 0x70, 0x00, 
	0x00, 0x00, 0x80, 0x0f, 0x9c, 0x00, 0x78, 0x00, 0x00, 0x03, 0x00, 0x0f, 0xf8, 0x00, 0x5c, 0x00, 
	0x00, 0x07, 0x00, 0x0f, 0xe0, 0x00, 0x5c, 0x00, 0x00, 0x0c, 0x00, 0x0c, 0xc0, 0x00, 0x00, 0x00, 
	0x00, 0x00, 0x00, 0x0c, 0xc0, 0x00, 0x00, 0x00, 0x00, 0x00, 0x00, 0x00, 0x40, 0x00, 0x00, 0x00, 
	0x00, 0x00, 0x00, 0x00, 0x00, 0x00, 0x00, 0x00, 0x00, 0x00, 0x00, 0x00, 0x00, 0x00, 0x00, 0x00, 
	0x00, 0x00, 0x00, 0x00, 0x00, 0x00, 0x00, 0x00, 0x00, 0x00, 0x00, 0x00, 0x00, 0x00, 0x00, 0x00
};
const unsigned char hippoBitMap63 [] PROGMEM = {
	0x00, 0x00, 0x00, 0x00, 0x00, 0x00, 0x00, 0x00, 0x00, 0x00, 0x00, 0x00, 0x00, 0x00, 0x00, 0x00, 
	0x00, 0x00, 0x00, 0xff, 0xfc, 0x00, 0x00, 0x00, 0x00, 0x00, 0x07, 0xff, 0xff, 0x00, 0x00, 0x00, 
	0x00, 0x00, 0x0f, 0xff, 0xff, 0xe0, 0x00, 0x00, 0x00, 0x00, 0x3f, 0xbf, 0xff, 0xf8, 0x00, 0x00, 
	0x00, 0x03, 0xff, 0xff, 0xff, 0xff, 0x80, 0x00, 0x00, 0x0f, 0xff, 0xfe, 0x7f, 0xff, 0xc0, 0x00, 
	0x00, 0x1f, 0xff, 0xfe, 0x7f, 0xff, 0xf0, 0x00, 0x00, 0x7f, 0xff, 0x0d, 0xff, 0xff, 0xf8, 0x00, 
	0x00, 0x60, 0x7e, 0x0e, 0x9f, 0xff, 0xfc, 0x00, 0x00, 0x00, 0x3c, 0x0f, 0x5f, 0xff, 0xfe, 0x00, 
	0x00, 0x04, 0x1c, 0x1f, 0x4f, 0xff, 0xff, 0x00, 0x00, 0x1c, 0x7c, 0x3d, 0x07, 0xff, 0xff, 0x00, 
	0x03, 0xf8, 0x3e, 0x18, 0x07, 0xff, 0xff, 0x80, 0x07, 0xf8, 0x0f, 0x80, 0x03, 0xff, 0xff, 0xc0, 
	0x06, 0xfc, 0x07, 0xc0, 0x01, 0xff, 0xff, 0xc0, 0x00, 0x0e, 0x00, 0xe0, 0x01, 0xff, 0xff, 0xe0, 
	0x08, 0x07, 0x00, 0x20, 0x00, 0xff, 0xff, 0xe0, 0x08, 0x07, 0x00, 0x00, 0x00, 0x00, 0x7f, 0xe0, 
	0x08, 0x07, 0x00, 0x00, 0x00, 0x00, 0x1f, 0xe0, 0x08, 0x07, 0x80, 0x00, 0x00, 0x00, 0x0f, 0xe0, 
	0x1c, 0x0f, 0xe0, 0x60, 0x00, 0x00, 0x07, 0x60, 0x1c, 0x0f, 0xf0, 0xf4, 0x00, 0x00, 0x03, 0x20, 
	0x18, 0x0f, 0xf8, 0xfe, 0x00, 0x00, 0x03, 0x00, 0x18, 0x0f, 0xfc, 0xfe, 0x00, 0x00, 0x03, 0x00, 
	0x31, 0x0f, 0xfc, 0xfe, 0x00, 0x00, 0x00, 0x00, 0x33, 0x1f, 0xfc, 0x7e, 0x00, 0x00, 0x00, 0x00, 
	0x07, 0xcf, 0xfe, 0x3e, 0x00, 0x00, 0x00, 0x00, 0x07, 0xe7, 0xfe, 0x00, 0x00, 0x00, 0x00, 0x00, 
	0x0c, 0xc0, 0x7e, 0x00, 0x00, 0x00, 0x00, 0x00, 0x00, 0x00, 0x03, 0x00, 0x00, 0x00, 0x00, 0x00, 
	0x00, 0x00, 0x03, 0x00, 0x00, 0x00, 0x00, 0x00, 0x00, 0x00, 0x03, 0x00, 0x00, 0x00, 0x00, 0x00, 
	0x40, 0x00, 0x03, 0x00, 0x00, 0x00, 0x00, 0x40, 0x00, 0x00, 0x03, 0x00, 0x00, 0x00, 0x08, 0xc0, 
	0x00, 0x00, 0x01, 0x00, 0x00, 0x00, 0x00, 0xc0, 0x00, 0x00, 0x00, 0x00, 0x00, 0x00, 0x00, 0x80, 
	0x00, 0x00, 0x00, 0x00, 0x00, 0x00, 0x00, 0x00, 0x00, 0x00, 0x00, 0x00, 0x00, 0x00, 0x00, 0x00, 
	0x00, 0x00, 0x00, 0x00, 0x00, 0x00, 0x00, 0x00, 0x00, 0x00, 0x00, 0x00, 0x00, 0x00, 0x01, 0x00, 
	0x01, 0x80, 0x00, 0x00, 0x00, 0x00, 0x00, 0x00, 0x00, 0x00, 0x00, 0x00, 0x00, 0x00, 0x00, 0x00, 
	0x00, 0x00, 0x00, 0x00, 0x00, 0x00, 0x00, 0x00, 0x00, 0x00, 0x00, 0x00, 0x00, 0x00, 0x00, 0x00, 
	0x00, 0x00, 0x00, 0x00, 0x00, 0x00, 0x00, 0x00, 0x00, 0x00, 0x00, 0x00, 0x00, 0x00, 0x08, 0x00, 
	0x00, 0x00, 0x00, 0x00, 0x01, 0x00, 0x08, 0x00, 0x00, 0x00, 0x00, 0x00, 0x01, 0x00, 0x08, 0x00, 
	0x00, 0x00, 0x00, 0x00, 0x01, 0x00, 0x10, 0x00, 0x00, 0x00, 0x80, 0x00, 0x03, 0x00, 0x30, 0x00, 
	0x00, 0x00, 0xc0, 0x07, 0x82, 0x00, 0x78, 0x00, 0x00, 0x00, 0xc0, 0x07, 0x8c, 0x00, 0x7c, 0x00, 
	0x00, 0x03, 0x80, 0x07, 0xf8, 0x00, 0x6e, 0x00, 0x00, 0x07, 0x00, 0x07, 0xe0, 0x00, 0x2e, 0x00, 
	0x00, 0x04, 0x00, 0x04, 0xe0, 0x00, 0x00, 0x00, 0x00, 0x00, 0x00, 0x04, 0x60, 0x00, 0x00, 0x00, 
	0x00, 0x00, 0x00, 0x00, 0x20, 0x00, 0x00, 0x00, 0x00, 0x00, 0x00, 0x00, 0x00, 0x00, 0x00, 0x00, 
	0x00, 0x00, 0x00, 0x00, 0x00, 0x00, 0x00, 0x00, 0x00, 0x00, 0x00, 0x00, 0x00, 0x00, 0x00, 0x00, 
	0x00, 0x00, 0x00, 0x00, 0x00, 0x00, 0x00, 0x00
};
const unsigned char hippoBitMap64 [] PROGMEM = {
	0x00, 0x00, 0x00, 0x00, 0x00, 0x00, 0x00, 0x00, 0x00, 0x00, 0x00, 0x00, 0x00, 0x00, 0x00, 0x00, 
	0x00, 0x00, 0x00, 0x7f, 0xfc, 0x00, 0x00, 0x00, 0x00, 0x00, 0x03, 0xff, 0xff, 0x80, 0x00, 0x00, 
	0x00, 0x00, 0x0f, 0xff, 0xff, 0xf0, 0x00, 0x00, 0x00, 0x00, 0x3f, 0xff, 0xff, 0xfc, 0x00, 0x00, 
	0x00, 0x03, 0xff, 0xfd, 0xff, 0xff, 0x80, 0x00, 0x00, 0x0f, 0xff, 0xfe, 0x7f, 0xff, 0xc0, 0x00, 
	0x00, 0x1f, 0xff, 0xff, 0x3f, 0xff, 0xf0, 0x00, 0x00, 0x3f, 0xff, 0x0c, 0xbf, 0xff, 0xf8, 0x00, 
	0x00, 0x60, 0x7f, 0x0f, 0xdf, 0xff, 0xfc, 0x00, 0x00, 0x00, 0x3e, 0x0f, 0x9f, 0xff, 0xfe, 0x00, 
	0x00, 0x00, 0x1c, 0x0f, 0xaf, 0xff, 0xff, 0x00, 0x00, 0x1c, 0x7c, 0x1c, 0x87, 0xff, 0xff, 0x80, 
	0x03, 0xfc, 0x3e, 0x1c, 0x07, 0xff, 0xff, 0x80, 0x07, 0xf8, 0x0f, 0x80, 0x03, 0xff, 0xff, 0xc0, 
	0x06, 0xfc, 0x07, 0xc0, 0x01, 0xff, 0xff, 0xe0, 0x00, 0x06, 0x00, 0xe0, 0x01, 0xff, 0xff, 0xe0, 
	0x08, 0x07, 0x00, 0x80, 0x00, 0xff, 0xff, 0xe0, 0x08, 0x07, 0x00, 0x10, 0x00, 0x38, 0x7f, 0xf0, 
	0x08, 0x07, 0x00, 0x00, 0x00, 0x00, 0x1f, 0xf0, 0x08, 0x07, 0x80, 0x00, 0x00, 0x00, 0x07, 0xf0, 
	0x0c, 0x07, 0xc0, 0x20, 0x00, 0x00, 0x03, 0xb0, 0x1c, 0x07, 0xf0, 0x70, 0x00, 0x00, 0x03, 0x90, 
	0x18, 0x07, 0xf8, 0xfe, 0x00, 0x00, 0x01, 0x90, 0x18, 0x07, 0xfc, 0xff, 0x00, 0x00, 0x01, 0x90, 
	0x11, 0x0f, 0xfe, 0x7f, 0x00, 0x00, 0x00, 0x10, 0x33, 0x0f, 0xfc, 0x7f, 0x00, 0x00, 0x00, 0x10, 
	0x23, 0xcf, 0xff, 0x3f, 0x00, 0x00, 0x00, 0x00, 0x07, 0xe7, 0xff, 0x1e, 0x00, 0x00, 0x00, 0x00, 
	0x17, 0xe3, 0xff, 0x00, 0x00, 0x00, 0x00, 0x10, 0x04, 0xc0, 0x7f, 0x00, 0x00, 0x00, 0x00, 0x00, 
	0x00, 0x00, 0x01, 0x00, 0x00, 0x00, 0x00, 0x00, 0x00, 0x00, 0x01, 0x00, 0x00, 0x00, 0x00, 0x00, 
	0x40, 0x00, 0x01, 0x00, 0x00, 0x00, 0x00, 0x20, 0x40, 0x00, 0x01, 0x00, 0x00, 0x00, 0x04, 0x20, 
	0x00, 0x00, 0x01, 0x00, 0x00, 0x00, 0x00, 0x60, 0x00, 0x00, 0x00, 0x00, 0x00, 0x00, 0x00, 0x40, 
	0x00, 0x00, 0x00, 0x00, 0x00, 0x00, 0x00, 0x40, 0x00, 0x00, 0x00, 0x00, 0x00, 0x00, 0x00, 0x00, 
	0x00, 0x00, 0x00, 0x00, 0x00, 0x00, 0x00, 0x00, 0x00, 0x00, 0x00, 0x00, 0x00, 0x00, 0x00, 0x00, 
	0x00, 0x00, 0x00, 0x00, 0x00, 0x00, 0x00, 0x00, 0x00, 0x80, 0x00, 0x00, 0x00, 0x00, 0x00, 0x00, 
	0x00, 0x00, 0x00, 0x00, 0x00, 0x00, 0x00, 0x00, 0x00, 0x00, 0x00, 0x00, 0x00, 0x00, 0x00, 0x00, 
	0x00, 0x00, 0x00, 0x00, 0x00, 0x00, 0x00, 0x00, 0x00, 0x00, 0x00, 0x00, 0x00, 0x00, 0x04, 0x00, 
	0x00, 0x00, 0x00, 0x00, 0x00, 0x00, 0x04, 0x00, 0x00, 0x00, 0x00, 0x00, 0x01, 0x80, 0x04, 0x00, 
	0x00, 0x00, 0x00, 0x00, 0x01, 0x80, 0x04, 0x00, 0x00, 0x00, 0x00, 0x00, 0x01, 0x80, 0x18, 0x00, 
	0x00, 0x00, 0x80, 0x00, 0x03, 0x80, 0x38, 0x00, 0x00, 0x00, 0xc0, 0x07, 0xc3, 0x00, 0x3c, 0x00, 
	0x00, 0x00, 0xc0, 0x07, 0xce, 0x00, 0x3e, 0x00, 0x00, 0x03, 0x80, 0x07, 0xfc, 0x00, 0x37, 0x00, 
	0x00, 0x07, 0x00, 0x07, 0xf0, 0x00, 0x07, 0x00, 0x00, 0x00, 0x00, 0x46, 0x60, 0x00, 0x00, 0x00, 
	0x00, 0x00, 0x00, 0x06, 0x60, 0x00, 0x00, 0x00, 0x00, 0x00, 0x00, 0x00, 0x20, 0x00, 0x00, 0x00, 
	0x00, 0x00, 0x00, 0x00, 0x00, 0x00, 0x00, 0x00, 0x00, 0x00, 0x00, 0x00, 0x00, 0x00, 0x00, 0x00, 
	0x00, 0x00, 0x00, 0x00, 0x00, 0x00, 0x00, 0x00, 0x00, 0x00, 0x00, 0x00, 0x00, 0x00, 0x00, 0x00
};
const unsigned char hippoBitMap65 [] PROGMEM = {
	0x00, 0x00, 0x00, 0x00, 0x00, 0x00, 0x00, 0x00, 0x00, 0x00, 0x00, 0x00, 0x00, 0x00, 0x00, 0x00, 
	0x00, 0x00, 0x00, 0x00, 0x00, 0x7f, 0xfe, 0x00, 0x00, 0x00, 0x00, 0x00, 0x00, 0x03, 0xff, 0xff, 
	0xc0, 0x00, 0x00, 0x00, 0x00, 0x00, 0x0f, 0xff, 0xff, 0xf0, 0x00, 0x00, 0x00, 0x00, 0x00, 0x3f, 
	0xdf, 0xff, 0xfc, 0x00, 0x00, 0x00, 0x00, 0x01, 0xff, 0xff, 0xff, 0xff, 0xc0, 0x00, 0x00, 0x00, 
	0x07, 0xff, 0xff, 0x7f, 0xff, 0xe0, 0x00, 0x00, 0x00, 0x0f, 0xff, 0xff, 0x3f, 0xff, 0xf8, 0x00, 
	0x00, 0x00, 0x1f, 0xff, 0x86, 0xff, 0xff, 0xfc, 0x00, 0x00, 0x00, 0x7f, 0xff, 0x07, 0xdf, 0xff, 
	0xfe, 0x00, 0x00, 0x00, 0x40, 0x3f, 0x07, 0xcf, 0xff, 0xff, 0x00, 0x00, 0x00, 0x00, 0x1e, 0x0f, 
	0xaf, 0xff, 0xff, 0x80, 0x00, 0x00, 0x1e, 0x3e, 0x1e, 0x83, 0xff, 0xff, 0xc0, 0x00, 0x01, 0xfc, 
	0x3f, 0x1c, 0x03, 0xff, 0xff, 0xc0, 0x00, 0x03, 0xf8, 0x0f, 0x80, 0x01, 0xff, 0xff, 0xe0, 0x00, 
	0x07, 0xfc, 0x07, 0xe0, 0x00, 0xff, 0xff, 0xe0, 0x00, 0x00, 0x06, 0x00, 0x70, 0x00, 0xff, 0xff, 
	0xf0, 0x00, 0x00, 0x07, 0x00, 0x50, 0x00, 0x7f, 0xff, 0xf0, 0x00, 0x08, 0x07, 0x00, 0x00, 0x00, 
	0x18, 0x7f, 0xf0, 0x00, 0x08, 0x03, 0x00, 0x00, 0x00, 0x00, 0x1f, 0xf8, 0x00, 0x08, 0x03, 0x80, 
	0x00, 0x00, 0x00, 0x07, 0xf8, 0x00, 0x08, 0x07, 0xc0, 0x00, 0x00, 0x00, 0x03, 0xf8, 0x00, 0x1c, 
	0x07, 0xe0, 0x30, 0x00, 0x00, 0x01, 0xd8, 0x00, 0x1c, 0x07, 0xf8, 0x7e, 0x00, 0x00, 0x00, 0xc8, 
	0x00, 0x18, 0x07, 0xfc, 0x7f, 0x00, 0x00, 0x00, 0xc8, 0x00, 0x18, 0x07, 0xfe, 0x7f, 0x00, 0x00, 
	0x00, 0x88, 0x00, 0x31, 0x0f, 0xfe, 0x7f, 0x00, 0x00, 0x00, 0x08, 0x00, 0x33, 0xcf, 0xff, 0x3f, 
	0x00, 0x00, 0x00, 0x08, 0x00, 0x03, 0xef, 0xff, 0x1f, 0x00, 0x00, 0x00, 0x00, 0x00, 0x07, 0xe7, 
	0xff, 0x00, 0x00, 0x00, 0x00, 0x00, 0x00, 0x0c, 0xe0, 0x7f, 0x00, 0x00, 0x00, 0x00, 0x08, 0x00, 
	0x00, 0x00, 0x01, 0x80, 0x00, 0x00, 0x00, 0x00, 0x00, 0x00, 0x00, 0x01, 0x80, 0x00, 0x00, 0x00, 
	0x00, 0x00, 0x00, 0x00, 0x01, 0x80, 0x00, 0x00, 0x00, 0x00, 0x00, 0x00, 0x00, 0x01, 0x80, 0x00, 
	0x00, 0x00, 0x30, 0x00, 0x00, 0x00, 0x01, 0x80, 0x00, 0x00, 0x00, 0x20, 0x00, 0x00, 0x00, 0x01, 
	0x80, 0x00, 0x00, 0x00, 0x20, 0x00, 0x00, 0x00, 0x00, 0x00, 0x00, 0x00, 0x00, 0x20, 0x00, 0x00, 
	0x00, 0x00, 0x00, 0x00, 0x00, 0x00, 0x00, 0x00, 0x00, 0x00, 0x00, 0x00, 0x00, 0x00, 0x00, 0x00, 
	0x00, 0x00, 0x00, 0x00, 0x00, 0x00, 0x00, 0x00, 0x00, 0x00, 0x00, 0x00, 0x00, 0x00, 0x00, 0x00, 
	0x00, 0x00, 0x00, 0x00, 0xc0, 0x00, 0x00, 0x00, 0x00, 0x00, 0x00, 0x00, 0x00, 0x08, 0x00, 0x00, 
	0x00, 0x00, 0x00, 0x00, 0x00, 0x00, 0x00, 0x00, 0x00, 0x00, 0x00, 0x00, 0x00, 0x00, 0x00, 0x00, 
	0x00, 0x00, 0x00, 0x00, 0x00, 0x00, 0x00, 0x00, 0x00, 0x00, 0x80, 0x00, 0x00, 0x00, 0x00, 0x00, 
	0x00, 0x00, 0x00, 0x00, 0x00, 0x00, 0x02, 0x00, 0x00, 0x00, 0x00, 0x00, 0x00, 0x01, 0x00, 0x02, 
	0x00, 0x00, 0x00, 0x00, 0x00, 0x00, 0x20, 0xc0, 0x02, 0x00, 0x00, 0x00, 0x00, 0x00, 0x00, 0x00, 
	0xc0, 0x00, 0x00, 0x00, 0x00, 0x00, 0x00, 0x00, 0x00, 0xc0, 0x0c, 0x00, 0x00, 0x00, 0x00, 0xc0, 
	0x00, 0x01, 0x80, 0x1c, 0x00, 0x00, 0x00, 0x00, 0xc0, 0x03, 0xc1, 0x00, 0x1e, 0x00, 0x00, 0x00, 
	0x01, 0xc0, 0x03, 0xce, 0x00, 0x1f, 0x00, 0x00, 0x00, 0x03, 0x80, 0x03, 0xfc, 0x00, 0x13, 0x80, 
	0x00, 0x00, 0x07, 0x00, 0x03, 0x60, 0x00, 0x03, 0x80, 0x00, 0x00, 0x00, 0x00, 0x42, 0x70, 0x00, 
	0x00, 0x00, 0x00, 0x00, 0x00, 0x00, 0x02, 0x30, 0x00, 0x00, 0x00, 0x00, 0x00, 0x00, 0x00, 0x00, 
	0x10, 0x00, 0x00, 0x00, 0x00, 0x00, 0x00, 0x00, 0x00, 0x00, 0x00, 0x00, 0x00, 0x00, 0x00, 0x00, 
	0x00, 0x00, 0x00, 0x00, 0x00, 0x00, 0x00, 0x00, 0x00, 0x00, 0x00, 0x00, 0x00, 0x00, 0x00, 0x00, 
	0x00, 0x00, 0x00, 0x00, 0x00, 0x00, 0x00, 0x00, 0x00
};
const unsigned char hippoBitMap70 [] PROGMEM = {
	0x00, 0x00, 0x00, 0x00, 0x00, 0x00, 0x00, 0x00, 0x00, 0x00, 0x00, 0x00, 0x00, 0x00, 0x00, 0x00, 
	0x00, 0x00, 0x00, 0x00, 0x00, 0x0f, 0xff, 0x80, 0x00, 0x00, 0x00, 0x00, 0x00, 0x00, 0xff, 0xff, 
	0xf0, 0x00, 0x00, 0x00, 0x00, 0x00, 0x01, 0xff, 0xff, 0xfe, 0x00, 0x00, 0x00, 0x00, 0x00, 0x07, 
	0xff, 0xff, 0xff, 0x80, 0x00, 0x00, 0x00, 0x00, 0xff, 0xff, 0xff, 0xff, 0xf8, 0x00, 0x00, 0x00, 
	0x03, 0xff, 0xff, 0xdf, 0xff, 0xfe, 0x00, 0x00, 0x00, 0x07, 0xff, 0xff, 0xcf, 0xff, 0xff, 0x00, 
	0x00, 0x00, 0x0f, 0xff, 0xff, 0xe7, 0xff, 0xff, 0x80, 0x00, 0x00, 0x1f, 0xff, 0xc1, 0x9f, 0xff, 
	0xff, 0xc0, 0x00, 0x00, 0x30, 0x1f, 0xc1, 0xfb, 0xff, 0xff, 0xe0, 0x00, 0x00, 0x00, 0x0f, 0x81, 
	0xf1, 0xff, 0xff, 0xf0, 0x00, 0x00, 0x00, 0x0f, 0x03, 0xf5, 0xff, 0xff, 0xf8, 0x00, 0x00, 0x03, 
	0x0f, 0x07, 0xb0, 0xff, 0xff, 0xfc, 0x00, 0x00, 0xfe, 0x1f, 0x87, 0x80, 0x7f, 0xff, 0xfe, 0x00, 
	0x03, 0xfc, 0x07, 0xe0, 0x00, 0x7f, 0xff, 0xfe, 0x00, 0x03, 0xfc, 0x03, 0xf0, 0x00, 0x3f, 0xff, 
	0xff, 0x00, 0x02, 0x7f, 0x00, 0xf8, 0x00, 0x1f, 0xff, 0xff, 0x00, 0x00, 0x03, 0x80, 0x1c, 0x00, 
	0x1f, 0xff, 0xff, 0x80, 0x04, 0x03, 0xc0, 0x04, 0x00, 0x07, 0xff, 0xff, 0x80, 0x04, 0x01, 0xc0, 
	0x00, 0x00, 0x03, 0x07, 0xff, 0x80, 0x04, 0x01, 0xc0, 0x00, 0x00, 0x00, 0x00, 0xff, 0xc0, 0x04, 
	0x01, 0xc0, 0x00, 0x00, 0x00, 0x00, 0x7f, 0xc0, 0x0c, 0x03, 0xf0, 0x00, 0x00, 0x00, 0x00, 0x3f, 
	0xc0, 0x0e, 0x03, 0xf8, 0x1c, 0x00, 0x00, 0x00, 0x1c, 0xc0, 0x0c, 0x03, 0xfe, 0x1f, 0x80, 0x00, 
	0x00, 0x0c, 0xc0, 0x0c, 0x03, 0xfe, 0x1f, 0xc0, 0x00, 0x00, 0x0c, 0x40, 0x18, 0x03, 0xff, 0x9f, 
	0xe0, 0x00, 0x00, 0x04, 0x40, 0x19, 0x87, 0xff, 0x1f, 0xe0, 0x00, 0x00, 0x00, 0x40, 0x11, 0x87, 
	0xff, 0x0f, 0xe0, 0x00, 0x00, 0x00, 0x40, 0x03, 0xe7, 0xff, 0xc7, 0xc0, 0x00, 0x00, 0x00, 0x00, 
	0x03, 0xf3, 0xff, 0xc3, 0x80, 0x00, 0x00, 0x00, 0x00, 0x0f, 0xf1, 0xff, 0xc0, 0x00, 0x00, 0x00, 
	0x00, 0x40, 0x04, 0x60, 0x1f, 0xc0, 0x00, 0x00, 0x00, 0x00, 0x00, 0x00, 0x00, 0x00, 0x60, 0x00, 
	0x00, 0x00, 0x00, 0x00, 0x00, 0x00, 0x00, 0x60, 0x00, 0x00, 0x00, 0x00, 0x00, 0x20, 0x00, 0x00, 
	0x60, 0x00, 0x00, 0x00, 0x00, 0x00, 0x20, 0x00, 0x00, 0x60, 0x00, 0x00, 0x00, 0x01, 0x80, 0x00, 
	0x00, 0x00, 0x60, 0x00, 0x00, 0x00, 0x01, 0x00, 0x00, 0x00, 0x00, 0x40, 0x00, 0x00, 0x00, 0x03, 
	0x00, 0x00, 0x00, 0x00, 0x00, 0x00, 0x00, 0x00, 0x03, 0x00, 0x00, 0x00, 0x00, 0x00, 0x00, 0x00, 
	0x00, 0x02, 0x00, 0x00, 0x00, 0x00, 0x00, 0x00, 0x00, 0x00, 0x00, 0x00, 0x00, 0x00, 0x00, 0x00, 
	0x00, 0x00, 0x00, 0x00, 0x00, 0x00, 0x00, 0x00, 0x00, 0x00, 0x00, 0x00, 0x00, 0x00, 0x00, 0x00, 
	0x00, 0x00, 0x00, 0x00, 0x00, 0x04, 0x00, 0x00, 0xc0, 0x00, 0x00, 0x00, 0x00, 0x00, 0x00, 0x00, 
	0x00, 0x00, 0x00, 0x00, 0x00, 0x00, 0x00, 0x00, 0x00, 0x00, 0x00, 0x00, 0x00, 0x00, 0x00, 0x00, 
	0x00, 0x00, 0x00, 0x00, 0x00, 0x00, 0x00, 0x00, 0x00, 0x00, 0x00, 0x00, 0x00, 0x00, 0x00, 0x00, 
	0x00, 0x00, 0x00, 0x00, 0x00, 0x00, 0x00, 0x00, 0x00, 0x00, 0x00, 0x20, 0x00, 0x00, 0x00, 0x00, 
	0x00, 0x00, 0x20, 0x00, 0x20, 0x00, 0x00, 0x00, 0x00, 0x00, 0x04, 0x18, 0x00, 0x20, 0x00, 0x00, 
	0x00, 0x00, 0x00, 0x00, 0x18, 0x00, 0x20, 0x00, 0x00, 0x00, 0x00, 0x00, 0x00, 0x18, 0x00, 0xc0, 
	0x00, 0x00, 0x00, 0x20, 0x00, 0x00, 0x38, 0x01, 0xc0, 0x00, 0x00, 0x00, 0x30, 0x00, 0xf8, 0x30, 
	0x01, 0xe0, 0x00, 0x00, 0x00, 0x60, 0x00, 0xf8, 0xe0, 0x01, 0xf0, 0x00, 0x00, 0x01, 0xc0, 0x00, 
	0xfb, 0xc0, 0x01, 0x38, 0x00, 0x00, 0x01, 0xc0, 0x00, 0xff, 0x00, 0x01, 0xb8, 0x00, 0x00, 0x03, 
	0x80, 0x00, 0xcc, 0x00, 0x00, 0x18, 0x00, 0x00, 0x00, 0x00, 0x10, 0xce, 0x00, 0x00, 0x00, 0x00, 
	0x00, 0x00, 0x00, 0x00, 0xc6, 0x00, 0x00, 0x00, 0x00, 0x00, 0x00, 0x00, 0x00, 0x02, 0x00, 0x00, 
	0x00, 0x00, 0x00, 0x00, 0x00, 0x00, 0x00, 0x00, 0x00, 0x00, 0x00, 0x00, 0x00, 0x00, 0x00, 0x00, 
	0x00, 0x00, 0x00, 0x00, 0x00, 0x00, 0x00, 0x00, 0x00, 0x00, 0x00, 0x00, 0x00, 0x00, 0x00, 0x00, 
	0x00, 0x00, 0x00, 0x00, 0x00, 0x00
};
const unsigned char hippoBitMap75 [] PROGMEM = {
	0x00, 0x00, 0x00, 0x00, 0x00, 0x00, 0x00, 0x00, 0x00, 0x00, 0x00, 0x00, 0x00, 0x00, 0x00, 0x00, 
	0x00, 0x00, 0x00, 0x00, 0x00, 0x00, 0x00, 0x00, 0x00, 0x00, 0x00, 0x00, 0x00, 0x00, 0x00, 0x00, 
	0x00, 0x0f, 0xff, 0xf8, 0x00, 0x00, 0x00, 0x00, 0x00, 0x00, 0x00, 0x7f, 0xff, 0xff, 0x00, 0x00, 
	0x00, 0x00, 0x00, 0x00, 0x01, 0xff, 0xff, 0xff, 0xf0, 0x00, 0x00, 0x00, 0x00, 0x00, 0x07, 0xfd, 
	0xff, 0xff, 0xfc, 0x00, 0x00, 0x00, 0x00, 0x00, 0x7f, 0xff, 0xef, 0xff, 0xff, 0xc0, 0x00, 0x00, 
	0x00, 0x01, 0xff, 0xff, 0xf3, 0xff, 0xff, 0xe0, 0x00, 0x00, 0x00, 0x03, 0xff, 0xff, 0xf9, 0xff, 
	0xff, 0xf8, 0x00, 0x00, 0x00, 0x07, 0xff, 0xf8, 0x65, 0xff, 0xff, 0xfc, 0x00, 0x00, 0x00, 0x1f, 
	0xff, 0xf0, 0x77, 0xff, 0xff, 0xfe, 0x00, 0x00, 0x00, 0x38, 0x07, 0xf0, 0x7a, 0x7f, 0xff, 0xff, 
	0x00, 0x00, 0x00, 0x00, 0x07, 0xe0, 0x7c, 0x3f, 0xff, 0xff, 0x80, 0x00, 0x00, 0x00, 0x03, 0xc0, 
	0xfc, 0xbf, 0xff, 0xff, 0xc0, 0x00, 0x00, 0x01, 0x87, 0xc0, 0xfc, 0x1f, 0xff, 0xff, 0xc0, 0x00, 
	0x00, 0x0f, 0x07, 0xe1, 0xe0, 0x0f, 0xff, 0xff, 0xe0, 0x00, 0x01, 0xfe, 0x03, 0xf0, 0xe0, 0x0f, 
	0xff, 0xff, 0xf0, 0x00, 0x03, 0xfe, 0x01, 0xfc, 0x00, 0x07, 0xff, 0xff, 0xf8, 0x00, 0x03, 0x7f, 
	0x80, 0xfe, 0x00, 0x03, 0xff, 0xff, 0xf8, 0x00, 0x00, 0x01, 0xc0, 0x07, 0x00, 0x03, 0xff, 0xff, 
	0xfc, 0x00, 0x04, 0x01, 0xe0, 0x05, 0x00, 0x01, 0xff, 0xff, 0xfc, 0x00, 0x04, 0x00, 0xe0, 0x00, 
	0x00, 0x00, 0x70, 0x7f, 0xfc, 0x00, 0x04, 0x00, 0xe0, 0x00, 0x00, 0x00, 0x00, 0x1f, 0xfe, 0x00, 
	0x04, 0x00, 0xe0, 0x00, 0x00, 0x00, 0x00, 0x07, 0xfe, 0x00, 0x04, 0x00, 0xf0, 0x00, 0x00, 0x00, 
	0x00, 0x03, 0xfe, 0x00, 0x0e, 0x01, 0xfc, 0x03, 0x00, 0x00, 0x00, 0x01, 0xee, 0x00, 0x0e, 0x01, 
	0xff, 0x07, 0x80, 0x00, 0x00, 0x00, 0xc6, 0x00, 0x0e, 0x01, 0xff, 0x07, 0xf0, 0x00, 0x00, 0x00, 
	0xc6, 0x00, 0x0c, 0x01, 0xff, 0x87, 0xf8, 0x00, 0x00, 0x00, 0xc2, 0x00, 0x1c, 0x01, 0xff, 0xe7, 
	0xf8, 0x00, 0x00, 0x00, 0x42, 0x00, 0x18, 0x83, 0xff, 0xc7, 0xf8, 0x00, 0x00, 0x00, 0x02, 0x00, 
	0x19, 0xc3, 0xff, 0xc3, 0xf8, 0x00, 0x00, 0x00, 0x02, 0x00, 0x01, 0xf3, 0xff, 0xf1, 0xf8, 0x00, 
	0x00, 0x00, 0x02, 0x00, 0x03, 0xf1, 0xff, 0xf0, 0xf0, 0x00, 0x00, 0x00, 0x00, 0x00, 0x03, 0xf8, 
	0xff, 0xf0, 0x00, 0x00, 0x00, 0x00, 0x02, 0x00, 0x06, 0x70, 0x0f, 0xf0, 0x00, 0x00, 0x00, 0x00, 
	0x02, 0x00, 0x00, 0x00, 0x00, 0x18, 0x00, 0x00, 0x00, 0x00, 0x00, 0x00, 0x00, 0x00, 0x00, 0x18, 
	0x00, 0x00, 0x00, 0x00, 0x00, 0x00, 0x00, 0x00, 0x00, 0x18, 0x00, 0x00, 0x00, 0x00, 0x00, 0x00, 
	0x20, 0x00, 0x00, 0x18, 0x00, 0x00, 0x00, 0x00, 0x08, 0x00, 0x20, 0x00, 0x00, 0x18, 0x00, 0x00, 
	0x00, 0x02, 0x18, 0x00, 0x00, 0x00, 0x00, 0x18, 0x00, 0x00, 0x00, 0x00, 0x18, 0x00, 0x00, 0x00, 
	0x00, 0x10, 0x00, 0x00, 0x00, 0x00, 0x38, 0x00, 0x00, 0x00, 0x00, 0x00, 0x00, 0x00, 0x00, 0x00, 
	0x30, 0x00, 0x00, 0x00, 0x00, 0x00, 0x00, 0x00, 0x00, 0x00, 0x00, 0x00, 0x00, 0x00, 0x00, 0x00, 
	0x00, 0x00, 0x00, 0x00, 0x00, 0x00, 0x00, 0x00, 0x00, 0x00, 0x00, 0x00, 0x00, 0x00, 0x00, 0x00, 
	0x00, 0x00, 0x00, 0x00, 0x00, 0x00, 0x00, 0x00, 0x00, 0x00, 0x00, 0x00, 0x00, 0x00, 0x00, 0x00, 
	0x00, 0x00, 0x00, 0x00, 0x00, 0xe0, 0x00, 0x00, 0x00, 0x00, 0x00, 0x00, 0x00, 0x00, 0x00, 0x00, 
	0x00, 0x00, 0x00, 0x00, 0x00, 0x00, 0x00, 0x00, 0x00, 0x00, 0x00, 0x00, 0x00, 0x00, 0x00, 0x00, 
	0x00, 0x00, 0x00, 0x00, 0x00, 0x00, 0x00, 0x00, 0x00, 0x00, 0x00, 0x00, 0x00, 0x00, 0x00, 0x00, 
	0x00, 0x00, 0x00, 0x00, 0x00, 0x00, 0x00, 0x00, 0x00, 0x00, 0x00, 0x00, 0x00, 0x02, 0x00, 0x00, 
	0x00, 0x00, 0x00, 0x00, 0x00, 0x00, 0x00, 0x02, 0x00, 0x00, 0x00, 0x00, 0x00, 0x00, 0x00, 0x00, 
	0x00, 0x02, 0x00, 0x00, 0x00, 0x00, 0x00, 0x00, 0x00, 0x03, 0x00, 0x02, 0x00, 0x00, 0x00, 0x00, 
	0x00, 0x00, 0x00, 0x03, 0x00, 0x02, 0x00, 0x00, 0x00, 0x00, 0x00, 0x00, 0x00, 0x03, 0x00, 0x0c, 
	0x00, 0x00, 0x00, 0x00, 0x10, 0x00, 0x00, 0x07, 0x00, 0x1c, 0x00, 0x00, 0x00, 0x00, 0x18, 0x00, 
	0x3e, 0x06, 0x00, 0x1e, 0x00, 0x00, 0x00, 0x00, 0x18, 0x00, 0x3e, 0x1c, 0x00, 0x1f, 0x00, 0x00, 
	0x00, 0x00, 0x70, 0x00, 0x3f, 0x78, 0x00, 0x13, 0x80, 0x00, 0x00, 0x00, 0xe0, 0x00, 0x3f, 0xe0, 
	0x00, 0x1b, 0x80, 0x00, 0x00, 0x01, 0xc0, 0x00, 0x33, 0x80, 0x00, 0x01, 0x80, 0x00, 0x00, 0x00, 
	0x00, 0x06, 0x33, 0x80, 0x00, 0x00, 0x00, 0x00, 0x00, 0x00, 0x00, 0x00, 0x31, 0xc0, 0x00, 0x00, 
	0x00, 0x00, 0x00, 0x00, 0x00, 0x00, 0x00, 0xc0, 0x00, 0x00, 0x00, 0x00, 0x00, 0x00, 0x00, 0x00, 
	0x00, 0x00, 0x00, 0x00, 0x00, 0x00, 0x00, 0x00, 0x00, 0x00, 0x00, 0x00, 0x00, 0x00, 0x00, 0x00, 
	0x00, 0x00, 0x00, 0x00, 0x00, 0x00, 0x00, 0x00, 0x00, 0x00, 0x00, 0x00, 0x00, 0x00, 0x00, 0x00, 
	0x00, 0x00, 0x00, 0x00, 0x00, 0x00, 0x00, 0x00, 0x00, 0x00, 0x00, 0x00, 0x00, 0x00
};
const unsigned char hippoBitMap80 [] PROGMEM = {
	0x00, 0x00, 0x00, 0x00, 0x00, 0x00, 0x00, 0x00, 0x00, 0x00, 0x00, 0x00, 0x00, 0x00, 0x00, 0x00, 
	0x00, 0x00, 0x00, 0x00, 0x00, 0x00, 0x00, 0x00, 0x00, 0x00, 0x00, 0x00, 0x00, 0x00, 0x00, 0x00, 
	0x00, 0x01, 0xff, 0xff, 0x00, 0x00, 0x00, 0x00, 0x00, 0x00, 0x00, 0x1f, 0xff, 0xff, 0xe0, 0x00, 
	0x00, 0x00, 0x00, 0x00, 0x00, 0x7f, 0xff, 0xff, 0xfc, 0x00, 0x00, 0x00, 0x00, 0x00, 0x01, 0xff, 
	0xff, 0xff, 0xff, 0x80, 0x00, 0x00, 0x00, 0x00, 0x1f, 0xff, 0xff, 0xff, 0xff, 0xf8, 0x00, 0x00, 
	0x00, 0x00, 0x7f, 0xff, 0xff, 0xff, 0xff, 0xfc, 0x00, 0x00, 0x00, 0x01, 0xff, 0xff, 0xfe, 0x7f, 
	0xff, 0xfe, 0x00, 0x00, 0x00, 0x03, 0xff, 0xff, 0xff, 0x3f, 0xff, 0xff, 0x80, 0x00, 0x00, 0x07, 
	0xff, 0xfe, 0x1c, 0xbf, 0xff, 0xff, 0xc0, 0x00, 0x00, 0x1f, 0xff, 0xf8, 0x1e, 0xdf, 0xff, 0xff, 
	0xe0, 0x00, 0x00, 0x1c, 0x03, 0xf8, 0x1f, 0xcf, 0xff, 0xff, 0xf0, 0x00, 0x00, 0x00, 0x01, 0xf8, 
	0x1f, 0xaf, 0xff, 0xff, 0xf8, 0x00, 0x00, 0x00, 0x01, 0xf0, 0x1f, 0xa7, 0xff, 0xff, 0xfc, 0x00, 
	0x00, 0x00, 0xc1, 0xf0, 0x3f, 0x83, 0xff, 0xff, 0xfe, 0x00, 0x00, 0x07, 0xc3, 0xf8, 0x7c, 0x01, 
	0xff, 0xff, 0xfe, 0x00, 0x01, 0xff, 0x81, 0xfc, 0x38, 0x01, 0xff, 0xff, 0xff, 0x00, 0x01, 0xff, 
	0x00, 0x7f, 0x00, 0x00, 0xff, 0xff, 0xff, 0x80, 0x01, 0xbf, 0xc0, 0x3f, 0x80, 0x00, 0x7f, 0xff, 
	0xff, 0x80, 0x00, 0x00, 0xe0, 0x03, 0xc0, 0x00, 0x7f, 0xff, 0xff, 0xc0, 0x00, 0x00, 0xf0, 0x01, 
	0xc0, 0x00, 0x3f, 0xff, 0xff, 0xc0, 0x04, 0x00, 0xf0, 0x00, 0x00, 0x00, 0x1f, 0x9f, 0xff, 0xc0, 
	0x04, 0x00, 0x70, 0x00, 0x20, 0x00, 0x06, 0x07, 0xff, 0xe0, 0x04, 0x00, 0x70, 0x00, 0x00, 0x00, 
	0x00, 0x01, 0xff, 0xe0, 0x04, 0x00, 0x70, 0x00, 0x00, 0x00, 0x00, 0x00, 0x7f, 0xe0, 0x06, 0x00, 
	0x78, 0x00, 0x00, 0x00, 0x00, 0x00, 0x3f, 0xe0, 0x0e, 0x00, 0xff, 0x00, 0xc0, 0x00, 0x00, 0x00, 
	0x1e, 0x60, 0x0f, 0x00, 0xff, 0xc1, 0xe0, 0x00, 0x00, 0x00, 0x0e, 0x60, 0x0e, 0x00, 0xff, 0xc1, 
	0xfc, 0x00, 0x00, 0x00, 0x06, 0x20, 0x0c, 0x00, 0xff, 0xe1, 0xfe, 0x00, 0x00, 0x00, 0x06, 0x20, 
	0x0c, 0x00, 0xff, 0xf1, 0xff, 0x00, 0x00, 0x00, 0x04, 0x20, 0x18, 0x41, 0xff, 0xf1, 0xff, 0x00, 
	0x00, 0x00, 0x00, 0x20, 0x18, 0xc1, 0xff, 0xe0, 0xff, 0x00, 0x00, 0x00, 0x00, 0x20, 0x10, 0xf1, 
	0xff, 0xf8, 0x7f, 0x00, 0x00, 0x00, 0x00, 0x20, 0x01, 0xf8, 0xff, 0xf8, 0x3e, 0x00, 0x00, 0x00, 
	0x00, 0x00, 0x03, 0xf8, 0xff, 0xf8, 0x00, 0x00, 0x00, 0x00, 0x00, 0x00, 0x03, 0xf8, 0x07, 0xf8, 
	0x00, 0x00, 0x00, 0x00, 0x00, 0x20, 0x02, 0x18, 0x03, 0xfc, 0x00, 0x00, 0x00, 0x00, 0x00, 0x00, 
	0x00, 0x00, 0x00, 0x0e, 0x00, 0x00, 0x00, 0x00, 0x00, 0x00, 0x00, 0x00, 0x00, 0x0e, 0x00, 0x00, 
	0x00, 0x00, 0x00, 0x00, 0x20, 0x00, 0x00, 0x0e, 0x00, 0x00, 0x00, 0x00, 0x00, 0x00, 0x20, 0x00, 
	0x00, 0x0e, 0x00, 0x00, 0x00, 0x00, 0x00, 0xc0, 0x20, 0x00, 0x00, 0x0e, 0x00, 0x00, 0x00, 0x00, 
	0x20, 0x80, 0x00, 0x00, 0x00, 0x0e, 0x00, 0x00, 0x00, 0x00, 0x01, 0x80, 0x00, 0x00, 0x00, 0x00, 
	0x00, 0x00, 0x00, 0x00, 0x01, 0x80, 0x00, 0x00, 0x00, 0x00, 0x00, 0x00, 0x00, 0x00, 0x01, 0x80, 
	0x00, 0x00, 0x00, 0x00, 0x00, 0x00, 0x00, 0x00, 0x01, 0x00, 0x20, 0x00, 0x00, 0x00, 0x00, 0x00, 
	0x00, 0x00, 0x00, 0x00, 0x00, 0x00, 0x00, 0x00, 0x00, 0x00, 0x00, 0x00, 0x00, 0x00, 0x00, 0x00, 
	0x00, 0x00, 0x00, 0x00, 0x00, 0x00, 0x00, 0x00, 0x00, 0x00, 0x00, 0x00, 0x00, 0x00, 0x00, 0x00, 
	0x00, 0x00, 0x00, 0x70, 0x00, 0x00, 0x00, 0x00, 0x00, 0x00, 0x00, 0x00, 0x00, 0x00, 0x00, 0x00, 
	0x00, 0x00, 0x00, 0x00, 0x00, 0x00, 0x00, 0x00, 0x00, 0x00, 0x00, 0x00, 0x00, 0x00, 0x00, 0x00, 
	0x00, 0x00, 0x00, 0x00, 0x00, 0x00, 0x00, 0x00, 0x00, 0x00, 0x00, 0x00, 0x00, 0x00, 0x00, 0x00, 
	0x00, 0x00, 0x00, 0x00, 0x00, 0x00, 0x00, 0x00, 0x00, 0x00, 0x00, 0x00, 0x00, 0x00, 0x00, 0x00, 
	0x00, 0x00, 0x00, 0x00, 0x00, 0x00, 0x20, 0x00, 0x00, 0x00, 0x00, 0x00, 0x00, 0x00, 0x00, 0x00, 
	0x20, 0x00, 0x00, 0x00, 0x00, 0x00, 0x00, 0x00, 0x40, 0x00, 0x20, 0x00, 0x00, 0x00, 0x00, 0x00, 
	0x00, 0x00, 0x60, 0x00, 0x20, 0x00, 0x00, 0x00, 0x00, 0x00, 0x00, 0x00, 0x60, 0x00, 0x20, 0x00, 
	0x00, 0x00, 0x00, 0x00, 0x00, 0x00, 0x60, 0x00, 0xc0, 0x00, 0x00, 0x00, 0x08, 0x00, 0x00, 0x00, 
	0xe0, 0x01, 0xc0, 0x00, 0x00, 0x00, 0x0c, 0x00, 0x0f, 0xc0, 0xc0, 0x01, 0xe0, 0x00, 0x00, 0x00, 
	0x0e, 0x00, 0x0f, 0xc3, 0x80, 0x01, 0xf0, 0x00, 0x00, 0x00, 0x3c, 0x00, 0x0f, 0xcf, 0x00, 0x01, 
	0x38, 0x00, 0x00, 0x00, 0x78, 0x00, 0x0f, 0xfc, 0x00, 0x01, 0x3c, 0x00, 0x00, 0x00, 0xf0, 0x00, 
	0x0f, 0xf8, 0x00, 0x01, 0x1c, 0x00, 0x00, 0x00, 0xe0, 0x00, 0x0e, 0x70, 0x00, 0x00, 0x08, 0x00, 
	0x00, 0x00, 0x00, 0x01, 0x8e, 0x70, 0x00, 0x00, 0x00, 0x00, 0x00, 0x00, 0x00, 0x00, 0x06, 0x30, 
	0x00, 0x00, 0x00, 0x00, 0x00, 0x00, 0x00, 0x00, 0x00, 0x10, 0x00, 0x00, 0x00, 0x00, 0x00, 0x00, 
	0x00, 0x00, 0x00, 0x00, 0x00, 0x00, 0x00, 0x00, 0x00, 0x00, 0x00, 0x00, 0x00, 0x00, 0x00, 0x00, 
	0x00, 0x00, 0x00, 0x00, 0x00, 0x00, 0x00, 0x00, 0x00, 0x00, 0x00, 0x00, 0x00, 0x00, 0x00, 0x00, 
	0x00, 0x00, 0x00, 0x00, 0x00, 0x00, 0x00, 0x00, 0x00, 0x00, 0x00, 0x00, 0x00, 0x00, 0x00, 0x00
};
const unsigned char hippoBitMap81 [] PROGMEM = {
	0x00, 0x00, 0x00, 0x00, 0x00, 0x00, 0x00, 0x00, 0x00, 0x00, 0x00, 0x00, 0x00, 0x00, 0x00, 0x00, 
	0x00, 0x00, 0x00, 0x00, 0x00, 0x00, 0x00, 0x00, 0x00, 0x00, 0x00, 0x00, 0x00, 0x00, 0x00, 0x00, 
	0x00, 0x00, 0x00, 0x00, 0x01, 0xff, 0xff, 0x80, 0x00, 0x00, 0x00, 0x00, 0x00, 0x00, 0x00, 0x0f, 
	0xff, 0xff, 0xf0, 0x00, 0x00, 0x00, 0x00, 0x00, 0x00, 0x00, 0x7f, 0xff, 0xff, 0xfe, 0x00, 0x00, 
	0x00, 0x00, 0x00, 0x00, 0x01, 0xff, 0xff, 0xff, 0xff, 0x80, 0x00, 0x00, 0x00, 0x00, 0x00, 0x1f, 
	0xff, 0xff, 0xff, 0xff, 0xf8, 0x00, 0x00, 0x00, 0x00, 0x00, 0x7f, 0xff, 0xff, 0xff, 0xff, 0xfe, 
	0x00, 0x00, 0x00, 0x00, 0x00, 0xff, 0xff, 0xff, 0x3f, 0xff, 0xff, 0x00, 0x00, 0x00, 0x00, 0x01, 
	0xff, 0xff, 0xff, 0x1f, 0xff, 0xff, 0xc0, 0x00, 0x00, 0x00, 0x03, 0xff, 0xfe, 0x1c, 0x9f, 0xff, 
	0xff, 0xe0, 0x00, 0x00, 0x00, 0x1f, 0xff, 0xfc, 0x0e, 0xef, 0xff, 0xff, 0xf0, 0x00, 0x00, 0x00, 
	0x1c, 0x03, 0xfc, 0x0f, 0x67, 0xff, 0xff, 0xf8, 0x00, 0x00, 0x00, 0x00, 0x01, 0xf8, 0x0f, 0xc7, 
	0xff, 0xff, 0xfc, 0x00, 0x00, 0x00, 0x00, 0x01, 0xf0, 0x1f, 0x97, 0xff, 0xff, 0xfe, 0x00, 0x00, 
	0x00, 0x00, 0x40, 0xf0, 0x3f, 0x93, 0xff, 0xff, 0xff, 0x00, 0x00, 0x00, 0x07, 0xc3, 0xf8, 0x3c, 
	0x81, 0xff, 0xff, 0xff, 0x00, 0x00, 0x00, 0xff, 0x81, 0xfc, 0x3c, 0x01, 0xff, 0xff, 0xff, 0x80, 
	0x00, 0x01, 0xff, 0x00, 0x7f, 0x00, 0x00, 0xff, 0xff, 0xff, 0xc0, 0x00, 0x01, 0xff, 0xc0, 0x3f, 
	0x80, 0x00, 0x7f, 0xff, 0xff, 0xc0, 0x00, 0x00, 0x01, 0xe0, 0x03, 0xc0, 0x00, 0x3f, 0xff, 0xff, 
	0xe0, 0x00, 0x00, 0x00, 0xf0, 0x01, 0xc0, 0x00, 0x3f, 0xff, 0xff, 0xe0, 0x00, 0x02, 0x00, 0xf0, 
	0x01, 0x40, 0x00, 0x1f, 0xff, 0xff, 0xe0, 0x00, 0x06, 0x00, 0x78, 0x02, 0x00, 0x00, 0x07, 0x87, 
	0xff, 0xe0, 0x00, 0x06, 0x00, 0x78, 0x00, 0x00, 0x00, 0x00, 0x00, 0xff, 0xf0, 0x00, 0x06, 0x00, 
	0x78, 0x00, 0x00, 0x00, 0x00, 0x00, 0x3f, 0xf0, 0x00, 0x06, 0x00, 0x78, 0x00, 0x00, 0x00, 0x00, 
	0x00, 0x1f, 0xf0, 0x00, 0x06, 0x00, 0xfe, 0x00, 0x40, 0x00, 0x00, 0x00, 0x0f, 0xf0, 0x00, 0x0f, 
	0x00, 0xff, 0x00, 0xe0, 0x00, 0x00, 0x00, 0x07, 0x30, 0x00, 0x0e, 0x00, 0xff, 0xc1, 0xfc, 0x00, 
	0x00, 0x00, 0x07, 0x30, 0x00, 0x0e, 0x00, 0xff, 0xc1, 0xfe, 0x00, 0x00, 0x00, 0x07, 0x10, 0x00, 
	0x0c, 0x00, 0xff, 0xf9, 0xff, 0x00, 0x00, 0x00, 0x03, 0x10, 0x00, 0x1c, 0x00, 0xff, 0xf9, 0xff, 
	0x00, 0x00, 0x00, 0x00, 0x10, 0x00, 0x18, 0xc1, 0xff, 0xf0, 0xff, 0x00, 0x00, 0x00, 0x00, 0x10, 
	0x00, 0x18, 0xf1, 0xff, 0xf8, 0x7f, 0x00, 0x00, 0x00, 0x00, 0x10, 0x00, 0x01, 0xf9, 0xff, 0xfc, 
	0x3f, 0x00, 0x00, 0x00, 0x00, 0x00, 0x00, 0x01, 0xfc, 0xff, 0xfc, 0x1e, 0x00, 0x00, 0x00, 0x00, 
	0x00, 0x00, 0x03, 0xfc, 0x7f, 0xfc, 0x00, 0x00, 0x00, 0x00, 0x00, 0x10, 0x00, 0x17, 0x38, 0x03, 
	0xfc, 0x00, 0x00, 0x00, 0x00, 0x00, 0x10, 0x00, 0x00, 0x00, 0x00, 0x06, 0x00, 0x00, 0x00, 0x00, 
	0x00, 0x00, 0x00, 0x00, 0x00, 0x00, 0x06, 0x00, 0x00, 0x00, 0x00, 0x00, 0x00, 0x00, 0x00, 0x00, 
	0x00, 0x06, 0x00, 0x00, 0x00, 0x00, 0x00, 0x00, 0x00, 0x40, 0x00, 0x00, 0x06, 0x00, 0x00, 0x00, 
	0x00, 0x00, 0x00, 0x00, 0x40, 0x00, 0x00, 0x06, 0x00, 0x00, 0x00, 0x00, 0x00, 0x60, 0x00, 0x40, 
	0x00, 0x00, 0x06, 0x00, 0x00, 0x00, 0x00, 0x10, 0x40, 0x00, 0x00, 0x00, 0x00, 0x06, 0x00, 0x00, 
	0x00, 0x00, 0x00, 0xc0, 0x00, 0x00, 0x00, 0x00, 0x00, 0x00, 0x00, 0x00, 0x00, 0x00, 0xc0, 0x00, 
	0x00, 0x00, 0x00, 0x00, 0x00, 0x00, 0x00, 0x00, 0x00, 0x80, 0x00, 0x40, 0x00, 0x00, 0x00, 0x00, 
	0x00, 0x00, 0x00, 0x00, 0x00, 0x00, 0x00, 0x00, 0x00, 0x00, 0x00, 0x00, 0x00, 0x00, 0x00, 0x00, 
	0x00, 0x00, 0x00, 0x00, 0x00, 0x00, 0x00, 0x00, 0x00, 0x00, 0x00, 0x00, 0x00, 0x00, 0x00, 0x00, 
	0x00, 0x00, 0x00, 0x00, 0x00, 0x00, 0x00, 0x00, 0x00, 0x00, 0x00, 0x00, 0x00, 0x00, 0x00, 0x01, 
	0x00, 0x00, 0x00, 0x70, 0x00, 0x00, 0x00, 0x00, 0x00, 0x00, 0x00, 0x00, 0x00, 0x00, 0x01, 0x00, 
	0x00, 0x00, 0x00, 0x00, 0x00, 0x00, 0x00, 0x00, 0x00, 0x00, 0x00, 0x00, 0x00, 0x00, 0x00, 0x00, 
	0x00, 0x00, 0x00, 0x00, 0x00, 0x00, 0x00, 0x00, 0x00, 0x00, 0x00, 0x00, 0x00, 0x00, 0x00, 0x00, 
	0x00, 0x00, 0x00, 0x00, 0x00, 0x00, 0x00, 0x00, 0x00, 0x00, 0x00, 0x00, 0x02, 0x00, 0x00, 0x00, 
	0x00, 0x00, 0x00, 0x00, 0x00, 0x00, 0x00, 0x00, 0x00, 0x00, 0x00, 0x00, 0x10, 0x00, 0x00, 0x00, 
	0x00, 0x00, 0x00, 0x00, 0x00, 0x00, 0x00, 0x10, 0x00, 0x00, 0x00, 0x00, 0x00, 0x00, 0x00, 0x10, 
	0x30, 0x00, 0x10, 0x00, 0x00, 0x00, 0x00, 0x00, 0x00, 0x00, 0x00, 0x30, 0x00, 0x10, 0x00, 0x00, 
	0x00, 0x00, 0x00, 0x00, 0x00, 0x00, 0x30, 0x00, 0x40, 0x00, 0x00, 0x00, 0x00, 0x00, 0x00, 0x00, 
	0x00, 0x70, 0x00, 0xe0, 0x00, 0x00, 0x00, 0x00, 0x04, 0x00, 0x00, 0x00, 0xf0, 0x00, 0xe0, 0x00, 
	0x00, 0x00, 0x00, 0x0e, 0x00, 0x07, 0xe0, 0xe0, 0x00, 0xf0, 0x00, 0x00, 0x00, 0x00, 0x0e, 0x00, 
	0x07, 0xe3, 0xc0, 0x00, 0xf8, 0x00, 0x00, 0x00, 0x00, 0x3c, 0x00, 0x07, 0xef, 0x80, 0x00, 0x9c, 
	0x00, 0x00, 0x00, 0x00, 0x78, 0x00, 0x07, 0xfe, 0x00, 0x00, 0x9e, 0x00, 0x00, 0x00, 0x00, 0x70, 
	0x00, 0x07, 0xf8, 0x00, 0x00, 0x0e, 0x00, 0x00, 0x00, 0x00, 0xe0, 0x00, 0x06, 0x70, 0x00, 0x00, 
	0x04, 0x00, 0x00, 0x00, 0x00, 0x00, 0x01, 0x86, 0x38, 0x00, 0x00, 0x00, 0x00, 0x00, 0x00, 0x00, 
	0x00, 0x00, 0x06, 0x18, 0x00, 0x00, 0x00, 0x00, 0x00, 0x00, 0x00, 0x00, 0x00, 0x00, 0x08, 0x00, 
	0x00, 0x00, 0x00, 0x00, 0x00, 0x00, 0x00, 0x00, 0x00, 0x00, 0x00, 0x00, 0x00, 0x00, 0x00, 0x00, 
	0x00, 0x00, 0x00, 0x00, 0x00, 0x00, 0x00, 0x00, 0x00, 0x00, 0x00, 0x00, 0x00, 0x00, 0x00, 0x00, 
	0x00, 0x00, 0x00, 0x00, 0x00, 0x00, 0x00, 0x00, 0x00, 0x00, 0x00, 0x00, 0x00, 0x00, 0x00, 0x00, 
	0x00, 0x00, 0x00, 0x00, 0x00, 0x00, 0x00, 0x00, 0x00, 0x00, 0x00
};
const unsigned char hippoBitMap82 [] PROGMEM = {
	0x00, 0x00, 0x00, 0x00, 0x00, 0x00, 0x00, 0x00, 0x00, 0x00, 0x00, 0x00, 0x00, 0x00, 0x00, 0x00, 
	0x00, 0x00, 0x00, 0x00, 0x00, 0x00, 0x00, 0x00, 0x00, 0x00, 0x00, 0x00, 0x00, 0x00, 0x00, 0x00, 
	0x00, 0x00, 0x00, 0x00, 0x01, 0xff, 0xff, 0x80, 0x00, 0x00, 0x00, 0x00, 0x00, 0x00, 0x00, 0x0f, 
	0xff, 0xff, 0xf8, 0x00, 0x00, 0x00, 0x00, 0x00, 0x00, 0x00, 0x3f, 0xff, 0xff, 0xff, 0x00, 0x00, 
	0x00, 0x00, 0x00, 0x00, 0x01, 0xff, 0xff, 0xff, 0xff, 0xc0, 0x00, 0x00, 0x00, 0x00, 0x00, 0x1f, 
	0xff, 0xff, 0xff, 0xff, 0xfe, 0x00, 0x00, 0x00, 0x00, 0x00, 0x3f, 0xff, 0xff, 0xff, 0xff, 0xff, 
	0x00, 0x00, 0x00, 0x00, 0x00, 0xff, 0xff, 0xff, 0x3f, 0xff, 0xff, 0x80, 0x00, 0x00, 0x00, 0x41, 
	0xff, 0xff, 0xff, 0x9f, 0xff, 0xff, 0xe0, 0x00, 0x00, 0x00, 0x03, 0xff, 0xff, 0x0e, 0xdf, 0xff, 
	0xff, 0xf0, 0x00, 0x00, 0x00, 0x1f, 0xff, 0xfe, 0x0f, 0x7f, 0xff, 0xff, 0xf8, 0x00, 0x00, 0x00, 
	0x1f, 0xff, 0xfc, 0x0f, 0xe7, 0xff, 0xff, 0xfc, 0x00, 0x00, 0x00, 0x08, 0x01, 0xfc, 0x0f, 0xf7, 
	0xff, 0xff, 0xfe, 0x00, 0x00, 0x00, 0x00, 0x01, 0xf8, 0x0f, 0xf7, 0xff, 0xff, 0xff, 0x00, 0x00, 
	0x00, 0x00, 0x60, 0xf0, 0x1f, 0xd1, 0xff, 0xff, 0xff, 0x80, 0x00, 0x00, 0x07, 0xe3, 0xf8, 0x3e, 
	0x40, 0xff, 0xff, 0xff, 0x80, 0x00, 0x00, 0xff, 0xc1, 0xfc, 0x1e, 0x00, 0xff, 0xff, 0xff, 0xc0, 
	0x00, 0x01, 0xff, 0x80, 0xff, 0x08, 0x00, 0xff, 0xff, 0xff, 0xe0, 0x00, 0x03, 0xff, 0xc0, 0x3f, 
	0x80, 0x00, 0x7f, 0xff, 0xff, 0xe0, 0x00, 0x01, 0xbf, 0xe0, 0x1f, 0xc0, 0x00, 0x3f, 0xff, 0xff, 
	0xf0, 0x00, 0x00, 0x00, 0xf0, 0x01, 0xe0, 0x00, 0x3f, 0xff, 0xff, 0xf0, 0x00, 0x06, 0x00, 0xf8, 
	0x01, 0xa0, 0x00, 0x1f, 0xff, 0xff, 0xf0, 0x00, 0x06, 0x00, 0x78, 0x03, 0x10, 0x00, 0x07, 0xc7, 
	0xff, 0xf0, 0x00, 0x06, 0x00, 0x78, 0x00, 0x00, 0x00, 0x00, 0x00, 0xff, 0xf8, 0x00, 0x06, 0x00, 
	0x78, 0x00, 0x00, 0x00, 0x00, 0x00, 0x7f, 0xf8, 0x00, 0x06, 0x00, 0x7c, 0x00, 0x00, 0x00, 0x00, 
	0x00, 0x1f, 0xf8, 0x00, 0x06, 0x00, 0x7e, 0x00, 0x00, 0x00, 0x00, 0x00, 0x0f, 0xf8, 0x00, 0x0f, 
	0x00, 0xff, 0x80, 0xe0, 0x00, 0x00, 0x00, 0x07, 0x98, 0x00, 0x0f, 0x00, 0xff, 0xe1, 0xf6, 0x00, 
	0x00, 0x00, 0x03, 0x98, 0x00, 0x0e, 0x00, 0xff, 0xe1, 0xff, 0x00, 0x00, 0x00, 0x03, 0x88, 0x00, 
	0x0e, 0x00, 0xff, 0xf9, 0xff, 0x80, 0x00, 0x00, 0x03, 0x88, 0x00, 0x1c, 0x00, 0xff, 0xf9, 0xff, 
	0x80, 0x00, 0x00, 0x01, 0x08, 0x00, 0x1c, 0xc1, 0xff, 0xf9, 0xff, 0x80, 0x00, 0x00, 0x00, 0x08, 
	0x00, 0x1c, 0xe1, 0xff, 0xf0, 0x7f, 0x80, 0x00, 0x00, 0x00, 0x08, 0x00, 0x11, 0xf9, 0xff, 0xfc, 
	0x3f, 0x80, 0x00, 0x00, 0x00, 0x08, 0x00, 0x01, 0xfc, 0xff, 0xfc, 0x1f, 0x00, 0x00, 0x00, 0x00, 
	0x00, 0x00, 0x03, 0xfc, 0x7f, 0xfc, 0x00, 0x00, 0x00, 0x00, 0x00, 0x08, 0x00, 0x1f, 0xfc, 0x3f, 
	0xfc, 0x00, 0x00, 0x00, 0x00, 0x00, 0x08, 0x00, 0x03, 0x38, 0x03, 0xfe, 0x00, 0x00, 0x00, 0x00, 
	0x00, 0x00, 0x00, 0x00, 0x00, 0x00, 0x06, 0x00, 0x00, 0x00, 0x00, 0x00, 0x00, 0x00, 0x00, 0x00, 
	0x00, 0x07, 0x00, 0x00, 0x00, 0x00, 0x00, 0x08, 0x00, 0x40, 0x00, 0x00, 0x07, 0x00, 0x00, 0x00, 
	0x00, 0x00, 0x00, 0x00, 0x40, 0x00, 0x00, 0x07, 0x00, 0x00, 0x00, 0x00, 0x00, 0x30, 0x00, 0x40, 
	0x00, 0x00, 0x07, 0x00, 0x00, 0x00, 0x00, 0x08, 0x30, 0x00, 0x00, 0x00, 0x00, 0x07, 0x00, 0x00, 
	0x00, 0x00, 0x00, 0x60, 0x00, 0x00, 0x00, 0x00, 0x06, 0x00, 0x00, 0x00, 0x00, 0x00, 0xe0, 0x00, 
	0x00, 0x00, 0x00, 0x00, 0x00, 0x00, 0x00, 0x00, 0x00, 0xe0, 0x00, 0x00, 0x00, 0x00, 0x00, 0x00, 
	0x00, 0x00, 0x00, 0x00, 0x40, 0x00, 0x40, 0x00, 0x00, 0x00, 0x00, 0x00, 0x00, 0x00, 0x00, 0x00, 
	0x00, 0x00, 0x00, 0x00, 0x00, 0x00, 0x00, 0x00, 0x00, 0x00, 0x00, 0x00, 0x00, 0x00, 0x00, 0x00, 
	0x00, 0x00, 0x00, 0x00, 0x00, 0x00, 0x00, 0x00, 0x00, 0x00, 0x00, 0x00, 0x00, 0x00, 0x00, 0x00, 
	0x00, 0x00, 0x00, 0x00, 0x00, 0x00, 0x00, 0x00, 0x00, 0x00, 0x00, 0x80, 0x00, 0x00, 0x70, 0x00, 
	0x00, 0x00, 0x00, 0x00, 0x00, 0x00, 0x00, 0x00, 0x00, 0x01, 0x00, 0x00, 0x00, 0x00, 0x00, 0x00, 
	0x00, 0x00, 0x00, 0x00, 0x00, 0x00, 0x00, 0x00, 0x00, 0x00, 0x00, 0x00, 0x00, 0x00, 0x00, 0x00, 
	0x00, 0x00, 0x00, 0x00, 0x00, 0x00, 0x00, 0x00, 0x00, 0x00, 0x00, 0x00, 0x02, 0x00, 0x00, 0x00, 
	0x00, 0x00, 0x00, 0x00, 0x00, 0x00, 0x00, 0x00, 0x00, 0x00, 0x00, 0x00, 0x08, 0x00, 0x00, 0x00, 
	0x00, 0x00, 0x00, 0x00, 0x00, 0x00, 0x00, 0x08, 0x00, 0x00, 0x00, 0x00, 0x00, 0x00, 0x00, 0x00, 
	0x40, 0x80, 0x08, 0x00, 0x00, 0x00, 0x00, 0x00, 0x00, 0x00, 0x10, 0x38, 0x00, 0x08, 0x00, 0x00, 
	0x00, 0x00, 0x00, 0x00, 0x00, 0x00, 0x38, 0x00, 0x08, 0x00, 0x00, 0x00, 0x00, 0x00, 0x00, 0x00, 
	0x00, 0x38, 0x00, 0x30, 0x00, 0x00, 0x00, 0x00, 0x00, 0x00, 0x00, 0x00, 0x78, 0x00, 0x70, 0x00, 
	0x00, 0x00, 0x00, 0x06, 0x00, 0x00, 0x00, 0x70, 0x00, 0xf0, 0x00, 0x00, 0x00, 0x00, 0x06, 0x00, 
	0x07, 0xe0, 0x60, 0x00, 0xf8, 0x00, 0x00, 0x00, 0x00, 0x0e, 0x00, 0x07, 0xe3, 0xc0, 0x00, 0xfe, 
	0x00, 0x00, 0x00, 0x00, 0x3c, 0x00, 0x07, 0xff, 0x80, 0x00, 0xce, 0x00, 0x00, 0x00, 0x00, 0x78, 
	0x00, 0x07, 0xff, 0x00, 0x00, 0xef, 0x00, 0x00, 0x00, 0x00, 0xf0, 0x00, 0x07, 0xfc, 0x00, 0x00, 
	0x4f, 0x00, 0x00, 0x00, 0x00, 0xe0, 0x00, 0x87, 0x38, 0x00, 0x00, 0x06, 0x00, 0x00, 0x00, 0x00, 
	0x00, 0x00, 0xc7, 0x3c, 0x00, 0x00, 0x00, 0x00, 0x00, 0x00, 0x00, 0x00, 0x00, 0x07, 0x1c, 0x00, 
	0x00, 0x00, 0x00, 0x00, 0x00, 0x00, 0x00, 0x00, 0x00, 0x08, 0x00, 0x00, 0x00, 0x00, 0x00, 0x00, 
	0x00, 0x00, 0x00, 0x00, 0x00, 0x00, 0x00, 0x00, 0x00, 0x00, 0x00, 0x00, 0x00, 0x00, 0x00, 0x00, 
	0x00, 0x00, 0x00, 0x00, 0x00, 0x00, 0x00, 0x00, 0x00, 0x00, 0x00, 0x00, 0x00, 0x00, 0x00, 0x00, 
	0x00, 0x00, 0x00, 0x00, 0x00, 0x00, 0x00, 0x00, 0x00, 0x00, 0x00, 0x00, 0x00, 0x00, 0x00, 0x00, 
	0x00, 0x00, 0x00, 0x00, 0x00, 0x00
};
const unsigned char hippoBitMap83 [] PROGMEM = {
	0x00, 0x00, 0x00, 0x00, 0x00, 0x00, 0x00, 0x00, 0x00, 0x00, 0x00, 0x00, 0x00, 0x00, 0x00, 0x00, 
	0x00, 0x00, 0x00, 0x00, 0x00, 0x00, 0x00, 0x00, 0x00, 0x00, 0x00, 0x00, 0x00, 0x00, 0x00, 0x00, 
	0x00, 0x00, 0x00, 0x00, 0x01, 0xff, 0xff, 0xc0, 0x00, 0x00, 0x00, 0x00, 0x00, 0x00, 0x00, 0x0f, 
	0xff, 0xff, 0xf8, 0x00, 0x00, 0x00, 0x00, 0x00, 0x00, 0x00, 0x3f, 0xff, 0xff, 0xff, 0x80, 0x00, 
	0x00, 0x00, 0x00, 0x00, 0x00, 0xff, 0xff, 0xff, 0xff, 0xe0, 0x00, 0x00, 0x00, 0x00, 0x00, 0x03, 
	0xff, 0xff, 0xff, 0xff, 0xf8, 0x00, 0x00, 0x00, 0x00, 0x00, 0x3f, 0xff, 0xff, 0xff, 0xff, 0xff, 
	0x00, 0x00, 0x00, 0x00, 0x00, 0xff, 0xff, 0xff, 0xbf, 0xff, 0xff, 0xc0, 0x00, 0x00, 0x00, 0x01, 
	0xff, 0xff, 0xff, 0x9f, 0xff, 0xff, 0xf0, 0x00, 0x00, 0x00, 0x03, 0xff, 0xff, 0x8f, 0xdf, 0xff, 
	0xff, 0xf8, 0x00, 0x00, 0x00, 0x0f, 0xff, 0xfe, 0x0f, 0x7f, 0xff, 0xff, 0xfc, 0x00, 0x00, 0x00, 
	0x1f, 0xff, 0xfe, 0x0f, 0xf7, 0xff, 0xff, 0xfe, 0x00, 0x00, 0x00, 0x0c, 0x01, 0xfe, 0x0f, 0xf3, 
	0xff, 0xff, 0xff, 0x00, 0x00, 0x00, 0x00, 0x01, 0xfc, 0x0f, 0xfb, 0xff, 0xff, 0xff, 0x80, 0x00, 
	0x00, 0x00, 0x60, 0xf8, 0x1f, 0xe9, 0xff, 0xff, 0xff, 0xc0, 0x00, 0x00, 0x03, 0xe3, 0xf8, 0x3e, 
	0x60, 0xff, 0xff, 0xff, 0xc0, 0x00, 0x00, 0xff, 0xc1, 0xfc, 0x1e, 0x00, 0xff, 0xff, 0xff, 0xe0, 
	0x00, 0x01, 0xff, 0x80, 0xff, 0x0e, 0x00, 0x7f, 0xff, 0xff, 0xf0, 0x00, 0x01, 0xff, 0x80, 0x3f, 
	0xc0, 0x00, 0x3f, 0xff, 0xff, 0xf0, 0x00, 0x01, 0xff, 0xe0, 0x1f, 0xc0, 0x00, 0x1f, 0xff, 0xff, 
	0xf0, 0x00, 0x00, 0x00, 0xf0, 0x01, 0xe0, 0x00, 0x1f, 0xff, 0xff, 0xf8, 0x00, 0x02, 0x00, 0xf8, 
	0x01, 0xf0, 0x00, 0x1f, 0xff, 0xff, 0xf8, 0x00, 0x06, 0x00, 0x78, 0x01, 0x10, 0x00, 0x07, 0xff, 
	0xff, 0xf8, 0x00, 0x06, 0x00, 0x78, 0x00, 0x10, 0x00, 0x01, 0xc1, 0xff, 0xfc, 0x00, 0x06, 0x00, 
	0x78, 0x00, 0x00, 0x00, 0x00, 0x00, 0x7f, 0xfc, 0x00, 0x06, 0x00, 0x78, 0x00, 0x00, 0x00, 0x00, 
	0x00, 0x1f, 0xfc, 0x00, 0x06, 0x00, 0x7c, 0x00, 0x00, 0x00, 0x00, 0x00, 0x0f, 0xfc, 0x00, 0x0f, 
	0x00, 0xff, 0x80, 0x60, 0x00, 0x00, 0x00, 0x07, 0xdc, 0x00, 0x0f, 0x00, 0xff, 0xe0, 0xf2, 0x00, 
	0x00, 0x00, 0x03, 0xcc, 0x00, 0x0f, 0x00, 0xff, 0xe0, 0xff, 0x00, 0x00, 0x00, 0x01, 0xcc, 0x00, 
	0x0e, 0x00, 0xff, 0xf8, 0xff, 0x80, 0x00, 0x00, 0x01, 0xc4, 0x00, 0x0e, 0x00, 0xff, 0xfc, 0xff, 
	0x80, 0x00, 0x00, 0x01, 0xc4, 0x00, 0x1c, 0x40, 0xff, 0xfc, 0xff, 0x80, 0x00, 0x00, 0x00, 0x04, 
	0x00, 0x1c, 0xe1, 0xff, 0xf8, 0xff, 0x80, 0x00, 0x00, 0x00, 0x04, 0x00, 0x18, 0xf9, 0xff, 0xfe, 
	0x3f, 0x80, 0x00, 0x00, 0x00, 0x04, 0x00, 0x01, 0xfd, 0xff, 0xfe, 0x3f, 0x80, 0x00, 0x00, 0x00, 
	0x00, 0x00, 0x01, 0xfc, 0xff, 0xfe, 0x1f, 0x00, 0x00, 0x00, 0x00, 0x00, 0x00, 0x0f, 0xfc, 0x7f, 
	0xfe, 0x00, 0x00, 0x00, 0x00, 0x00, 0x04, 0x00, 0x1f, 0x3c, 0x03, 0xfe, 0x00, 0x00, 0x00, 0x00, 
	0x00, 0x04, 0x00, 0x00, 0x00, 0x00, 0x07, 0x00, 0x00, 0x00, 0x00, 0x00, 0x00, 0x00, 0x00, 0x00, 
	0x00, 0x07, 0x00, 0x00, 0x00, 0x00, 0x00, 0x04, 0x00, 0x40, 0x00, 0x00, 0x07, 0x00, 0x00, 0x00, 
	0x00, 0x00, 0x00, 0x00, 0x40, 0x00, 0x00, 0x07, 0x00, 0x00, 0x00, 0x00, 0x00, 0x00, 0x00, 0x40, 
	0x00, 0x00, 0x07, 0x00, 0x00, 0x00, 0x00, 0x00, 0x38, 0x00, 0x40, 0x00, 0x00, 0x07, 0x00, 0x00, 
	0x00, 0x00, 0x04, 0x30, 0x00, 0x00, 0x00, 0x00, 0x07, 0x00, 0x00, 0x00, 0x00, 0x00, 0x70, 0x00, 
	0x00, 0x00, 0x00, 0x00, 0x00, 0x00, 0x00, 0x00, 0x00, 0x70, 0x00, 0x00, 0x00, 0x00, 0x00, 0x00, 
	0x00, 0x00, 0x00, 0x00, 0x70, 0x00, 0x00, 0x00, 0x00, 0x00, 0x00, 0x00, 0x00, 0x00, 0x00, 0x00, 
	0x00, 0x40, 0x00, 0x00, 0x00, 0x00, 0x00, 0x00, 0x00, 0x00, 0x00, 0x00, 0x00, 0x00, 0x00, 0x00, 
	0x00, 0x00, 0x00, 0x00, 0x00, 0x00, 0x00, 0x00, 0x00, 0x00, 0x00, 0x00, 0x00, 0x00, 0x00, 0x00, 
	0x00, 0x00, 0x00, 0x00, 0x00, 0x00, 0x00, 0x00, 0x00, 0x00, 0x00, 0x80, 0x00, 0x00, 0x78, 0x00, 
	0x00, 0x00, 0x00, 0x00, 0x00, 0x00, 0x00, 0x00, 0x00, 0x30, 0x00, 0x00, 0x00, 0x00, 0x00, 0x00, 
	0x00, 0x00, 0x00, 0x00, 0x01, 0x00, 0x00, 0x00, 0x00, 0x00, 0x00, 0x00, 0x00, 0x00, 0x00, 0x00, 
	0x00, 0x00, 0x00, 0x00, 0x00, 0x00, 0x00, 0x00, 0x00, 0x00, 0x00, 0x00, 0x00, 0x00, 0x00, 0x00, 
	0x00, 0x00, 0x00, 0x00, 0x00, 0x00, 0x00, 0x03, 0x00, 0x00, 0x00, 0x00, 0x00, 0x00, 0x00, 0x00, 
	0x00, 0x00, 0x00, 0x00, 0x00, 0x00, 0x00, 0x04, 0x00, 0x00, 0x00, 0x00, 0x00, 0x00, 0x00, 0x00, 
	0x00, 0x00, 0x04, 0x00, 0x00, 0x00, 0x00, 0x00, 0x00, 0x00, 0x00, 0x30, 0x40, 0x04, 0x00, 0x00, 
	0x00, 0x00, 0x00, 0x00, 0x00, 0x08, 0x18, 0x00, 0x04, 0x00, 0x00, 0x00, 0x00, 0x00, 0x00, 0x00, 
	0x00, 0x18, 0x00, 0x04, 0x00, 0x00, 0x00, 0x00, 0x00, 0x00, 0x00, 0x00, 0x18, 0x00, 0x38, 0x00, 
	0x00, 0x00, 0x00, 0x04, 0x00, 0x00, 0x00, 0x38, 0x00, 0x78, 0x00, 0x00, 0x00, 0x00, 0x06, 0x00, 
	0x03, 0xe0, 0x78, 0x00, 0x7c, 0x00, 0x00, 0x00, 0x00, 0x07, 0x00, 0x07, 0xf0, 0xf0, 0x00, 0x7e, 
	0x00, 0x00, 0x00, 0x00, 0x06, 0x00, 0x07, 0xf1, 0xe0, 0x00, 0x7f, 0x00, 0x00, 0x00, 0x00, 0x3c, 
	0x00, 0x07, 0xf7, 0xc0, 0x00, 0x6f, 0x00, 0x00, 0x00, 0x00, 0x78, 0x00, 0x07, 0xff, 0x00, 0x00, 
	0x67, 0x80, 0x00, 0x00, 0x00, 0xf0, 0x00, 0x07, 0xfc, 0x00, 0x00, 0x07, 0x80, 0x00, 0x00, 0x00, 
	0x60, 0x00, 0xc7, 0x3c, 0x00, 0x00, 0x03, 0x00, 0x00, 0x00, 0x00, 0x00, 0x00, 0xc7, 0x1c, 0x00, 
	0x00, 0x00, 0x00, 0x00, 0x00, 0x00, 0x00, 0x00, 0x03, 0x0c, 0x00, 0x00, 0x00, 0x00, 0x00, 0x00, 
	0x00, 0x00, 0x00, 0x00, 0x04, 0x00, 0x00, 0x00, 0x00, 0x00, 0x00, 0x00, 0x00, 0x00, 0x00, 0x00, 
	0x00, 0x00, 0x00, 0x00, 0x00, 0x00, 0x00, 0x00, 0x00, 0x00, 0x00, 0x00, 0x00, 0x00, 0x00, 0x00, 
	0x00, 0x00, 0x00, 0x00, 0x00, 0x00, 0x00, 0x00, 0x00, 0x00, 0x00, 0x00, 0x00, 0x00, 0x00, 0x00, 
	0x00, 0x00, 0x00, 0x00, 0x00, 0x00, 0x00, 0x00, 0x00, 0x00, 0x00, 0x00, 0x00, 0x00, 0x00, 0x00, 
	0x00
};
const unsigned char hippoBitMap84 [] PROGMEM = {
	0x00, 0x00, 0x00, 0x00, 0x00, 0x00, 0x00, 0x00, 0x00, 0x00, 0x00, 0x00, 0x00, 0x00, 0x00, 0x00, 
	0x00, 0x00, 0x00, 0x00, 0x00, 0x00, 0x00, 0x00, 0x00, 0x00, 0x00, 0x00, 0x00, 0x00, 0x00, 0x00, 
	0x00, 0x00, 0x00, 0x00, 0x00, 0xff, 0xff, 0xe0, 0x00, 0x00, 0x00, 0x00, 0x00, 0x00, 0x00, 0x0f, 
	0xff, 0xff, 0xfc, 0x00, 0x00, 0x00, 0x00, 0x00, 0x00, 0x00, 0x3f, 0xff, 0xff, 0xff, 0xc0, 0x00, 
	0x00, 0x00, 0x00, 0x00, 0x00, 0xff, 0xff, 0xff, 0xff, 0xf0, 0x00, 0x00, 0x00, 0x00, 0x00, 0x01, 
	0xff, 0xff, 0xff, 0xff, 0xf8, 0x00, 0x00, 0x00, 0x00, 0x00, 0x3f, 0xff, 0xff, 0xff, 0xff, 0xff, 
	0x80, 0x00, 0x00, 0x00, 0x00, 0xff, 0xff, 0xff, 0xff, 0xff, 0xff, 0xc0, 0x00, 0x00, 0x00, 0x41, 
	0xff, 0xff, 0xff, 0xdf, 0xff, 0xff, 0xf8, 0x00, 0x00, 0x00, 0x03, 0xff, 0xff, 0xff, 0xef, 0xff, 
	0xff, 0xfc, 0x00, 0x00, 0x00, 0x0f, 0xff, 0xff, 0x07, 0x7f, 0xff, 0xff, 0xfe, 0x00, 0x00, 0x00, 
	0x1f, 0xff, 0xfe, 0x07, 0xff, 0xff, 0xff, 0xff, 0x00, 0x00, 0x00, 0x0c, 0x01, 0xfe, 0x07, 0xfb, 
	0xff, 0xff, 0xff, 0x80, 0x00, 0x00, 0x00, 0x01, 0xfc, 0x07, 0xff, 0xff, 0xff, 0xff, 0xc0, 0x00, 
	0x00, 0x00, 0x40, 0xf8, 0x0f, 0xfd, 0xff, 0xff, 0xff, 0xc0, 0x00, 0x00, 0x03, 0xe1, 0xfc, 0x1f, 
	0xe0, 0xff, 0xff, 0xff, 0xe0, 0x00, 0x00, 0xff, 0xe1, 0xfe, 0x1f, 0x40, 0x7f, 0xff, 0xff, 0xe0, 
	0x00, 0x01, 0xff, 0xc0, 0xff, 0x8e, 0x00, 0x7f, 0xff, 0xff, 0xf0, 0x00, 0x01, 0xff, 0xc0, 0x3f, 
	0xc0, 0x00, 0x3f, 0xff, 0xff, 0xf8, 0x00, 0x01, 0xff, 0xe0, 0x1f, 0xe0, 0x00, 0x1f, 0xff, 0xff, 
	0xf8, 0x00, 0x00, 0x01, 0xf0, 0x01, 0xf0, 0x00, 0x1f, 0xff, 0xff, 0xfc, 0x00, 0x02, 0x00, 0xf8, 
	0x00, 0xf0, 0x00, 0x0f, 0xff, 0xff, 0xfc, 0x00, 0x06, 0x00, 0x78, 0x01, 0x98, 0x00, 0x07, 0xff, 
	0xff, 0xfc, 0x00, 0x06, 0x00, 0x78, 0x01, 0x08, 0x00, 0x01, 0xe1, 0xff, 0xfe, 0x00, 0x06, 0x00, 
	0x78, 0x00, 0x00, 0x00, 0x00, 0x00, 0x3f, 0xfe, 0x00, 0x06, 0x00, 0x78, 0x00, 0x00, 0x00, 0x00, 
	0x00, 0x0f, 0xfe, 0x00, 0x06, 0x00, 0x7e, 0x00, 0x00, 0x00, 0x00, 0x00, 0x07, 0xfe, 0x00, 0x07, 
	0x00, 0x7f, 0x80, 0x30, 0x00, 0x00, 0x00, 0x03, 0xfe, 0x00, 0x0f, 0x00, 0xff, 0xe0, 0x78, 0x00, 
	0x00, 0x00, 0x01, 0xee, 0x00, 0x0f, 0x00, 0xff, 0xf0, 0xff, 0x00, 0x00, 0x00, 0x00, 0xe6, 0x00, 
	0x0e, 0x00, 0xff, 0xf0, 0xff, 0x80, 0x00, 0x00, 0x00, 0xe2, 0x00, 0x0e, 0x00, 0xff, 0xfc, 0xff, 
	0xc0, 0x00, 0x00, 0x00, 0xe2, 0x00, 0x1c, 0x40, 0xff, 0xfc, 0xff, 0xc0, 0x00, 0x00, 0x00, 0x42, 
	0x00, 0x1c, 0xe1, 0xff, 0xfc, 0xff, 0xc0, 0x00, 0x00, 0x00, 0x02, 0x00, 0x1c, 0xe1, 0xff, 0xf8, 
	0x7f, 0xc0, 0x00, 0x00, 0x00, 0x02, 0x00, 0x19, 0xf9, 0xff, 0xfe, 0x3f, 0xc0, 0x00, 0x00, 0x00, 
	0x02, 0x00, 0x01, 0xfc, 0xff, 0xfe, 0x1f, 0x80, 0x00, 0x00, 0x00, 0x00, 0x00, 0x0f, 0xfc, 0x7f, 
	0xfe, 0x00, 0x00, 0x00, 0x00, 0x00, 0x02, 0x00, 0x1f, 0xfc, 0x3f, 0xfe, 0x00, 0x00, 0x00, 0x00, 
	0x00, 0x02, 0x00, 0x13, 0x1c, 0x01, 0xff, 0x00, 0x00, 0x00, 0x00, 0x00, 0x02, 0x00, 0x00, 0x00, 
	0x00, 0x07, 0x00, 0x00, 0x00, 0x00, 0x00, 0x00, 0x00, 0x00, 0x00, 0x00, 0x03, 0x00, 0x00, 0x00, 
	0x00, 0x00, 0x02, 0x00, 0x40, 0x00, 0x00, 0x03, 0x00, 0x00, 0x00, 0x00, 0x00, 0x00, 0x00, 0x40, 
	0x00, 0x00, 0x03, 0x00, 0x00, 0x00, 0x00, 0x00, 0x1c, 0x00, 0x40, 0x00, 0x00, 0x03, 0x00, 0x00, 
	0x00, 0x00, 0x02, 0x1c, 0x00, 0x40, 0x00, 0x00, 0x03, 0x00, 0x00, 0x00, 0x00, 0x00, 0x18, 0x00, 
	0x00, 0x00, 0x00, 0x03, 0x00, 0x00, 0x00, 0x00, 0x00, 0x38, 0x00, 0x00, 0x00, 0x00, 0x00, 0x00, 
	0x00, 0x00, 0x00, 0x00, 0x38, 0x00, 0x00, 0x00, 0x00, 0x00, 0x00, 0x00, 0x00, 0x00, 0x00, 0x30, 
	0x00, 0x40, 0x00, 0x00, 0x00, 0x00, 0x00, 0x00, 0x00, 0x00, 0x00, 0x00, 0x40, 0x00, 0x00, 0x00, 
	0x00, 0x00, 0x00, 0x00, 0x00, 0x00, 0x00, 0x00, 0x00, 0x00, 0x00, 0x00, 0x00, 0x00, 0x00, 0x00, 
	0x00, 0x00, 0x00, 0x00, 0x00, 0x00, 0x00, 0x00, 0x00, 0x00, 0x00, 0x00, 0x00, 0x00, 0x00, 0x00, 
	0x00, 0x00, 0x00, 0x00, 0x00, 0x00, 0x60, 0x00, 0x00, 0x78, 0x00, 0x00, 0x00, 0x00, 0x00, 0x00, 
	0x00, 0x00, 0x00, 0x00, 0x01, 0x00, 0x00, 0x00, 0x00, 0x00, 0x00, 0x00, 0x00, 0x00, 0x00, 0x00, 
	0x00, 0x00, 0x00, 0x00, 0x00, 0x00, 0x00, 0x00, 0x00, 0x00, 0x00, 0x00, 0x00, 0x00, 0x00, 0x00, 
	0x00, 0x00, 0x00, 0x00, 0x00, 0x00, 0x00, 0x00, 0x00, 0x00, 0x00, 0x00, 0x00, 0x00, 0x00, 0x00, 
	0x00, 0x00, 0x01, 0x00, 0x00, 0x00, 0x00, 0x00, 0x00, 0x00, 0x00, 0x00, 0x00, 0x00, 0x00, 0x00, 
	0x00, 0x00, 0x06, 0x00, 0x00, 0x00, 0x00, 0x00, 0x00, 0x00, 0x00, 0x40, 0x40, 0x06, 0x00, 0x00, 
	0x00, 0x00, 0x00, 0x00, 0x00, 0x00, 0x3c, 0x40, 0x06, 0x00, 0x00, 0x00, 0x00, 0x00, 0x00, 0x00, 
	0x08, 0x1c, 0x00, 0x06, 0x00, 0x00, 0x00, 0x00, 0x00, 0x00, 0x00, 0x00, 0x1c, 0x00, 0x06, 0x00, 
	0x00, 0x00, 0x00, 0x00, 0x00, 0x00, 0x00, 0x1c, 0x00, 0x1c, 0x00, 0x00, 0x00, 0x00, 0x06, 0x00, 
	0x00, 0x00, 0x3c, 0x00, 0x3c, 0x00, 0x00, 0x00, 0x00, 0x07, 0x00, 0x03, 0xf0, 0x3c, 0x00, 0x3e, 
	0x00, 0x00, 0x00, 0x00, 0x07, 0x00, 0x03, 0xf0, 0xf8, 0x00, 0x3f, 0x00, 0x00, 0x00, 0x00, 0x0f, 
	0x00, 0x03, 0xfb, 0xe0, 0x00, 0x3f, 0x80, 0x00, 0x00, 0x00, 0x3e, 0x00, 0x03, 0xff, 0xc0, 0x00, 
	0x37, 0x80, 0x00, 0x00, 0x00, 0x7c, 0x00, 0x03, 0xff, 0x00, 0x00, 0x37, 0x80, 0x00, 0x00, 0x00, 
	0xf8, 0x00, 0x03, 0xbe, 0x00, 0x00, 0x03, 0x80, 0x00, 0x00, 0x00, 0x60, 0x00, 0xe3, 0x9e, 0x00, 
	0x00, 0x00, 0x00, 0x00, 0x00, 0x00, 0x00, 0x00, 0xc3, 0x9e, 0x00, 0x00, 0x00, 0x00, 0x00, 0x00, 
	0x00, 0x00, 0x00, 0x03, 0x8e, 0x00, 0x00, 0x00, 0x00, 0x00, 0x00, 0x00, 0x00, 0x00, 0x00, 0x06, 
	0x00, 0x00, 0x00, 0x00, 0x00, 0x00, 0x00, 0x00, 0x00, 0x00, 0x00, 0x00, 0x00, 0x00, 0x00, 0x00, 
	0x00, 0x00, 0x00, 0x00, 0x00, 0x00, 0x00, 0x00, 0x00, 0x00, 0x00, 0x00, 0x00, 0x00, 0x00, 0x00, 
	0x00, 0x00, 0x00, 0x00, 0x00, 0x00, 0x00, 0x00, 0x00, 0x00, 0x00, 0x00, 0x00, 0x00, 0x00, 0x00, 
	0x00, 0x00, 0x00, 0x00, 0x00, 0x00, 0x00, 0x00, 0x00, 0x00, 0x00, 0x00
};
const unsigned char hippoBitMap85 [] PROGMEM = {
	0x00, 0x00, 0x00, 0x00, 0x00, 0x00, 0x00, 0x00, 0x00, 0x00, 0x00, 0x00, 0x00, 0x00, 0x00, 0x00, 
	0x00, 0x00, 0x00, 0x00, 0x00, 0x00, 0x00, 0x00, 0x00, 0x00, 0x00, 0x00, 0x00, 0x00, 0x00, 0x00, 
	0x00, 0x00, 0x00, 0x00, 0x00, 0xff, 0xff, 0xe0, 0x00, 0x00, 0x00, 0x00, 0x00, 0x00, 0x00, 0x07, 
	0xff, 0xff, 0xfe, 0x00, 0x00, 0x00, 0x00, 0x00, 0x00, 0x00, 0x3f, 0xff, 0xff, 0xff, 0xc0, 0x00, 
	0x00, 0x00, 0x00, 0x00, 0x00, 0xff, 0xff, 0xff, 0xff, 0xf0, 0x00, 0x00, 0x00, 0x00, 0x00, 0x01, 
	0xff, 0xff, 0xff, 0xff, 0xf8, 0x00, 0x00, 0x00, 0x00, 0x00, 0x1f, 0xff, 0xff, 0xff, 0xff, 0xff, 
	0xc0, 0x00, 0x00, 0x00, 0x00, 0xff, 0xff, 0xff, 0xdf, 0xff, 0xff, 0xe0, 0x00, 0x00, 0x00, 0x21, 
	0xff, 0xff, 0xff, 0xcf, 0xff, 0xff, 0xf8, 0x00, 0x00, 0x00, 0x03, 0xff, 0xff, 0xff, 0xef, 0xff, 
	0xff, 0xfc, 0x00, 0x00, 0x00, 0x07, 0xff, 0xff, 0x87, 0x3f, 0xff, 0xff, 0xfe, 0x00, 0x00, 0x00, 
	0x0f, 0xff, 0xff, 0x07, 0xfb, 0xff, 0xff, 0xff, 0x00, 0x00, 0x00, 0x0e, 0x01, 0xfe, 0x07, 0xf9, 
	0xff, 0xff, 0xff, 0x80, 0x00, 0x00, 0x08, 0x00, 0xfe, 0x07, 0xfd, 0xff, 0xff, 0xff, 0xc0, 0x00, 
	0x00, 0x00, 0x40, 0xfc, 0x0f, 0xf5, 0xff, 0xff, 0xff, 0xe0, 0x00, 0x00, 0x01, 0xe1, 0xfc, 0x1f, 
	0xf4, 0xff, 0xff, 0xff, 0xe0, 0x00, 0x00, 0x07, 0xe1, 0xfe, 0x1f, 0x30, 0x7f, 0xff, 0xff, 0xf0, 
	0x00, 0x00, 0xff, 0xc0, 0xff, 0x0f, 0x00, 0x7f, 0xff, 0xff, 0xf8, 0x00, 0x01, 0xff, 0xc0, 0x7f, 
	0xc0, 0x00, 0x3f, 0xff, 0xff, 0xfc, 0x00, 0x01, 0xff, 0xe0, 0x1f, 0xe0, 0x00, 0x1f, 0xff, 0xff, 
	0xfc, 0x00, 0x01, 0x9f, 0xf0, 0x0f, 0xf0, 0x00, 0x0f, 0xff, 0xff, 0xfe, 0x00, 0x00, 0x00, 0xf8, 
	0x00, 0xf0, 0x00, 0x0f, 0xff, 0xff, 0xfe, 0x00, 0x06, 0x00, 0x7c, 0x00, 0xf8, 0x00, 0x07, 0xff, 
	0xff, 0xfe, 0x00, 0x06, 0x00, 0x7c, 0x01, 0x88, 0x00, 0x01, 0xf0, 0xff, 0xfe, 0x00, 0x06, 0x00, 
	0x3c, 0x00, 0x00, 0x00, 0x00, 0x40, 0x7f, 0xff, 0x00, 0x06, 0x00, 0x3c, 0x00, 0x00, 0x00, 0x00, 
	0x00, 0x1f, 0xff, 0x00, 0x06, 0x00, 0x3e, 0x00, 0x00, 0x00, 0x00, 0x00, 0x07, 0xff, 0x00, 0x07, 
	0x00, 0x7f, 0x00, 0x10, 0x00, 0x00, 0x00, 0x03, 0xff, 0x00, 0x0f, 0x00, 0xff, 0xc0, 0x78, 0x00, 
	0x00, 0x00, 0x01, 0xf7, 0x00, 0x0f, 0x00, 0xff, 0xf0, 0xff, 0x00, 0x00, 0x00, 0x00, 0xe7, 0x00, 
	0x0f, 0x00, 0xff, 0xf0, 0xff, 0x80, 0x00, 0x00, 0x00, 0xe3, 0x00, 0x0e, 0x00, 0xff, 0xfc, 0xff, 
	0xc0, 0x00, 0x00, 0x00, 0xe1, 0x00, 0x0e, 0x00, 0xff, 0xfc, 0xff, 0xe0, 0x00, 0x00, 0x00, 0x61, 
	0x00, 0x1c, 0x60, 0xff, 0xfc, 0xff, 0xe0, 0x00, 0x00, 0x00, 0x01, 0x00, 0x1c, 0xe1, 0xff, 0xfc, 
	0x7f, 0xe0, 0x00, 0x00, 0x00, 0x01, 0x00, 0x18, 0xf9, 0xff, 0xfe, 0x3f, 0xe0, 0x00, 0x00, 0x00, 
	0x01, 0x00, 0x01, 0xfc, 0xff, 0xff, 0x1f, 0xc0, 0x00, 0x00, 0x00, 0x01, 0x00, 0x01, 0xfe, 0x7f, 
	0xff, 0x0f, 0x80, 0x00, 0x00, 0x00, 0x01, 0x00, 0x0f, 0xfe, 0x3f, 0xff, 0x00, 0x00, 0x00, 0x00, 
	0x00, 0x01, 0x00, 0x1f, 0x3e, 0x03, 0xff, 0x00, 0x00, 0x00, 0x00, 0x00, 0x01, 0x00, 0x00, 0x00, 
	0x00, 0x03, 0x80, 0x00, 0x00, 0x00, 0x00, 0x00, 0x00, 0x00, 0x00, 0x00, 0x03, 0x80, 0x00, 0x00, 
	0x00, 0x00, 0x01, 0x00, 0x40, 0x00, 0x00, 0x03, 0x80, 0x00, 0x00, 0x00, 0x00, 0x01, 0x00, 0x40, 
	0x00, 0x00, 0x03, 0x80, 0x00, 0x00, 0x00, 0x00, 0x04, 0x00, 0x40, 0x00, 0x00, 0x03, 0x80, 0x00, 
	0x00, 0x00, 0x00, 0x0e, 0x00, 0x40, 0x00, 0x00, 0x03, 0x80, 0x00, 0x00, 0x00, 0x03, 0x0c, 0x00, 
	0x00, 0x00, 0x00, 0x03, 0x80, 0x00, 0x00, 0x00, 0x00, 0x1c, 0x00, 0x00, 0x00, 0x00, 0x03, 0x00, 
	0x00, 0x00, 0x00, 0x00, 0x1c, 0x00, 0x00, 0x00, 0x00, 0x00, 0x00, 0x00, 0x00, 0x00, 0x00, 0x1c, 
	0x00, 0x00, 0x00, 0x00, 0x00, 0x00, 0x00, 0x00, 0x00, 0x00, 0x18, 0x00, 0x40, 0x00, 0x00, 0x00, 
	0x00, 0x00, 0x00, 0x00, 0x00, 0x00, 0x00, 0x00, 0x00, 0x00, 0x00, 0x00, 0x00, 0x00, 0x00, 0x00, 
	0x00, 0x00, 0x00, 0x00, 0x00, 0x00, 0x00, 0x00, 0x00, 0x00, 0x00, 0x00, 0x00, 0x00, 0x00, 0x00, 
	0x00, 0x00, 0x00, 0x00, 0x00, 0x00, 0x40, 0x00, 0x00, 0x30, 0x00, 0x00, 0x00, 0x00, 0x00, 0x00, 
	0x00, 0x40, 0x00, 0x00, 0x78, 0x00, 0x00, 0x00, 0x00, 0x00, 0x00, 0x00, 0x00, 0x00, 0x00, 0x01, 
	0x80, 0x00, 0x00, 0x00, 0x00, 0x00, 0x00, 0x00, 0x00, 0x00, 0x00, 0x00, 0x00, 0x00, 0x00, 0x00, 
	0x00, 0x00, 0x00, 0x00, 0x00, 0x00, 0x00, 0x00, 0x00, 0x00, 0x00, 0x00, 0x00, 0x00, 0x00, 0x00, 
	0x00, 0x00, 0x00, 0x00, 0x00, 0x00, 0x00, 0x00, 0x00, 0x00, 0x00, 0x00, 0x00, 0x01, 0x00, 0x00, 
	0x00, 0x00, 0x00, 0x00, 0x00, 0x00, 0x00, 0x00, 0x00, 0x00, 0x00, 0x00, 0x00, 0x03, 0x00, 0x00, 
	0x00, 0x00, 0x00, 0x00, 0x00, 0x00, 0x10, 0x40, 0x03, 0x00, 0x00, 0x00, 0x00, 0x00, 0x00, 0x00, 
	0x04, 0x1e, 0x00, 0x03, 0x00, 0x00, 0x00, 0x00, 0x00, 0x00, 0x00, 0x04, 0x0e, 0x00, 0x03, 0x00, 
	0x00, 0x00, 0x00, 0x00, 0x00, 0x00, 0x00, 0x0e, 0x00, 0x0f, 0x00, 0x00, 0x00, 0x00, 0x00, 0x00, 
	0x00, 0x00, 0x1e, 0x00, 0x1e, 0x00, 0x00, 0x00, 0x00, 0x06, 0x00, 0x00, 0x00, 0x1e, 0x00, 0x3e, 
	0x00, 0x00, 0x00, 0x00, 0x07, 0x00, 0x03, 0xf8, 0x1c, 0x00, 0x3f, 0x00, 0x00, 0x00, 0x00, 0x07, 
	0x00, 0x03, 0xf8, 0xf8, 0x00, 0x3f, 0x80, 0x00, 0x00, 0x00, 0x1f, 0x00, 0x03, 0xfb, 0xf0, 0x00, 
	0x3f, 0xc0, 0x00, 0x00, 0x00, 0x3e, 0x00, 0x03, 0xff, 0xe0, 0x00, 0x3b, 0xc0, 0x00, 0x00, 0x00, 
	0x7c, 0x00, 0x03, 0xff, 0x80, 0x00, 0x3b, 0xc0, 0x00, 0x00, 0x00, 0x78, 0x00, 0x03, 0x9e, 0x00, 
	0x00, 0x01, 0xc0, 0x00, 0x00, 0x00, 0x00, 0x00, 0xe3, 0x9e, 0x00, 0x00, 0x00, 0x00, 0x00, 0x00, 
	0x00, 0x00, 0x00, 0x63, 0x8e, 0x00, 0x00, 0x00, 0x00, 0x00, 0x00, 0x00, 0x00, 0x00, 0x01, 0x86, 
	0x00, 0x00, 0x00, 0x00, 0x00, 0x00, 0x00, 0x00, 0x00, 0x00, 0x02, 0x00, 0x00, 0x00, 0x00, 0x00, 
	0x00, 0x00, 0x00, 0x00, 0x00, 0x00, 0x00, 0x00, 0x00, 0x00, 0x00, 0x00, 0x00, 0x00, 0x00, 0x00, 
	0x00, 0x00, 0x00, 0x00, 0x00, 0x00, 0x00, 0x00, 0x00, 0x00, 0x00, 0x00, 0x00, 0x00, 0x00, 0x00, 
	0x00, 0x00, 0x00, 0x00, 0x00, 0x00, 0x00, 0x00, 0x00, 0x00, 0x00, 0x00, 0x00, 0x00, 0x00, 0x00, 
	0x00, 0x00, 0x00, 0x00, 0x00, 0x00, 0x00
};
const unsigned char hippoBitMap90 [] PROGMEM = {
	0x00, 0x00, 0x00, 0x00, 0x00, 0x00, 0x00, 0x00, 0x00, 0x00, 0x00, 0x00, 0x00, 0x00, 0x00, 0x00, 
	0x00, 0x00, 0x00, 0x00, 0x00, 0x00, 0x00, 0x00, 0x00, 0x00, 0x00, 0x00, 0x00, 0x00, 0x00, 0x00, 
	0x00, 0x00, 0x00, 0x00, 0x00, 0x00, 0x00, 0x00, 0x1f, 0xff, 0xfc, 0x00, 0x00, 0x00, 0x00, 0x00, 
	0x00, 0x00, 0x00, 0x01, 0xff, 0xff, 0xff, 0x80, 0x00, 0x00, 0x00, 0x00, 0x00, 0x00, 0x00, 0x03, 
	0xff, 0xff, 0xff, 0xc0, 0x00, 0x00, 0x00, 0x00, 0x00, 0x00, 0x00, 0x0f, 0xff, 0xff, 0xff, 0xfc, 
	0x00, 0x00, 0x00, 0x00, 0x00, 0x00, 0x00, 0x3f, 0xff, 0xff, 0xff, 0xff, 0x00, 0x00, 0x00, 0x00, 
	0x00, 0x00, 0x07, 0xff, 0xff, 0xff, 0xff, 0xff, 0xf8, 0x00, 0x00, 0x00, 0x00, 0x00, 0x1f, 0xff, 
	0xff, 0xff, 0xff, 0xff, 0xfc, 0x00, 0x00, 0x00, 0x00, 0x00, 0x7f, 0xff, 0xff, 0xf3, 0xff, 0xff, 
	0xfe, 0x00, 0x00, 0x00, 0x00, 0x00, 0xff, 0xff, 0xff, 0xf1, 0xff, 0xff, 0xff, 0x80, 0x00, 0x00, 
	0x00, 0x01, 0xff, 0xff, 0xe1, 0xe1, 0xff, 0xff, 0xff, 0xc0, 0x00, 0x00, 0x00, 0x03, 0xff, 0xff, 
	0xc0, 0xe7, 0xff, 0xff, 0xff, 0xe0, 0x00, 0x00, 0x00, 0x0f, 0xff, 0xff, 0x80, 0xf6, 0x7f, 0xff, 
	0xff, 0xf0, 0x00, 0x00, 0x00, 0x06, 0x00, 0x7f, 0x80, 0xfe, 0x3f, 0xff, 0xff, 0xf8, 0x00, 0x00, 
	0x00, 0x00, 0x00, 0x3f, 0x00, 0xfc, 0x3f, 0xff, 0xff, 0xfc, 0x00, 0x00, 0x00, 0x00, 0x00, 0x3e, 
	0x01, 0xfc, 0x9f, 0xff, 0xff, 0xfe, 0x00, 0x00, 0x00, 0x00, 0x30, 0x3e, 0x03, 0xfc, 0x0f, 0xff, 
	0xff, 0xff, 0x00, 0x00, 0x00, 0x01, 0xf0, 0xff, 0x07, 0xc0, 0x0f, 0xff, 0xff, 0xff, 0x00, 0x00, 
	0x00, 0x7f, 0xe0, 0x7f, 0x83, 0xc0, 0x07, 0xff, 0xff, 0xff, 0x80, 0x00, 0x00, 0xff, 0xc0, 0x0f, 
	0xe0, 0x00, 0x07, 0xff, 0xff, 0xff, 0xc0, 0x00, 0x01, 0xff, 0xc0, 0x07, 0xf0, 0x00, 0x03, 0xff, 
	0xff, 0xff, 0xc0, 0x00, 0x01, 0xdf, 0xf0, 0x07, 0xf8, 0x00, 0x01, 0xff, 0xff, 0xff, 0xe0, 0x00, 
	0x00, 0x00, 0x3c, 0x00, 0x3c, 0x00, 0x01, 0xff, 0xff, 0xff, 0xf0, 0x00, 0x02, 0x00, 0x3e, 0x00, 
	0x34, 0x00, 0x00, 0xff, 0xff, 0xff, 0xf0, 0x00, 0x02, 0x00, 0x3e, 0x00, 0x00, 0x00, 0x00, 0x3f, 
	0x1f, 0xff, 0xf0, 0x00, 0x02, 0x00, 0x1e, 0x00, 0x40, 0x00, 0x00, 0x1c, 0x0f, 0xff, 0xf0, 0x00, 
	0x02, 0x00, 0x1e, 0x00, 0x00, 0x00, 0x00, 0x00, 0x01, 0xff, 0xf8, 0x00, 0x02, 0x00, 0x1e, 0x00, 
	0x00, 0x00, 0x00, 0x00, 0x00, 0x7f, 0xf8, 0x00, 0x02, 0x00, 0x1f, 0x00, 0x00, 0x00, 0x00, 0x00, 
	0x00, 0x3f, 0xf8, 0x00, 0x07, 0x00, 0x3f, 0x80, 0x00, 0x00, 0x00, 0x00, 0x00, 0x1f, 0xf8, 0x00, 
	0x07, 0x00, 0x3f, 0xe0, 0x1c, 0x00, 0x00, 0x00, 0x00, 0x0f, 0x38, 0x00, 0x07, 0x00, 0x3f, 0xf8, 
	0x3f, 0x40, 0x00, 0x00, 0x00, 0x07, 0x38, 0x00, 0x06, 0x00, 0x3f, 0xf8, 0x3f, 0xe0, 0x00, 0x00, 
	0x00, 0x07, 0x18, 0x00, 0x06, 0x00, 0x3f, 0xfe, 0x3f, 0xf0, 0x00, 0x00, 0x00, 0x07, 0x08, 0x00, 
	0x0e, 0x00, 0x3f, 0xff, 0x3f, 0xf8, 0x00, 0x00, 0x00, 0x02, 0x08, 0x00, 0x1c, 0x20, 0x7f, 0xff, 
	0x1f, 0xf8, 0x00, 0x00, 0x00, 0x00, 0x08, 0x00, 0x1c, 0x60, 0x7f, 0xfe, 0x0f, 0xf8, 0x00, 0x00, 
	0x00, 0x00, 0x08, 0x00, 0x18, 0x78, 0xff, 0xff, 0x87, 0xf8, 0x00, 0x00, 0x00, 0x00, 0x08, 0x00, 
	0x00, 0xfc, 0x7f, 0xff, 0x83, 0xf0, 0x00, 0x00, 0x00, 0x00, 0x00, 0x00, 0x01, 0xfe, 0x3f, 0xff, 
	0x83, 0xe0, 0x00, 0x00, 0x00, 0x00, 0x00, 0x00, 0x01, 0xfe, 0x1f, 0xff, 0x80, 0x00, 0x00, 0x00, 
	0x00, 0x00, 0x08, 0x00, 0x03, 0x9e, 0x00, 0xff, 0x80, 0x00, 0x00, 0x00, 0x00, 0x00, 0x08, 0x00, 
	0x00, 0x00, 0x00, 0x01, 0xc0, 0x00, 0x00, 0x00, 0x00, 0x00, 0x00, 0x00, 0x00, 0x00, 0x00, 0x00, 
	0xc0, 0x00, 0x00, 0x00, 0x00, 0x00, 0x00, 0x00, 0x00, 0x00, 0x00, 0x00, 0xc0, 0x00, 0x00, 0x00, 
	0x00, 0x00, 0x00, 0x00, 0x20, 0x00, 0x00, 0x00, 0xc0, 0x00, 0x00, 0x00, 0x00, 0x00, 0x00, 0x00, 
	0x20, 0x00, 0x00, 0x00, 0xc0, 0x00, 0x00, 0x00, 0x00, 0x00, 0x00, 0x00, 0x20, 0x00, 0x00, 0x00, 
	0xc0, 0x00, 0x00, 0x00, 0x00, 0x00, 0x60, 0x00, 0x20, 0x00, 0x00, 0x00, 0xc0, 0x00, 0x00, 0x00, 
	0x00, 0x00, 0x40, 0x00, 0x00, 0x00, 0x00, 0x00, 0xc0, 0x00, 0x00, 0x00, 0x00, 0x00, 0xc0, 0x00, 
	0x00, 0x00, 0x00, 0x00, 0x00, 0x00, 0x00, 0x00, 0x00, 0x00, 0xc0, 0x00, 0x00, 0x00, 0x00, 0x00, 
	0x00, 0x00, 0x00, 0x00, 0x00, 0x00, 0xc0, 0x00, 0x00, 0x00, 0x00, 0x00, 0x00, 0x00, 0x00, 0x00, 
	0x00, 0x00, 0x80, 0x00, 0x20, 0x00, 0x00, 0x00, 0x00, 0x00, 0x00, 0x00, 0x00, 0x00, 0x00, 0x00, 
	0x00, 0x00, 0x00, 0x00, 0x00, 0x00, 0x00, 0x00, 0x00, 0x00, 0x00, 0x00, 0x00, 0x00, 0x00, 0x00, 
	0x00, 0x00, 0x00, 0x00, 0x00, 0x00, 0x00, 0x00, 0x00, 0x00, 0x00, 0x00, 0x00, 0x00, 0x00, 0x00, 
	0x00, 0x00, 0x00, 0x00, 0x00, 0x00, 0x00, 0x00, 0x00, 0x00, 0x00, 0x00, 0x00, 0x01, 0x00, 0x00, 
	0x00, 0x3c, 0x00, 0x00, 0x00, 0x00, 0x00, 0x00, 0x00, 0x00, 0x00, 0x00, 0x00, 0x00, 0x00, 0x00, 
	0x00, 0x00, 0x00, 0x00, 0x00, 0x00, 0x00, 0x00, 0x00, 0x00, 0x00, 0x00, 0x00, 0x00, 0x00, 0x00, 
	0x00, 0x00, 0x00, 0x00, 0x00, 0x00, 0x00, 0x00, 0x00, 0x00, 0x00, 0x00, 0x00, 0x00, 0x00, 0x00, 
	0x00, 0x00, 0x00, 0x00, 0x00, 0x00, 0x00, 0x00, 0x00, 0x00, 0x00, 0x00, 0x00, 0x00, 0x00, 0x00, 
	0x40, 0x00, 0x00, 0x00, 0x00, 0x00, 0x00, 0x00, 0x00, 0x00, 0x00, 0x00, 0x00, 0x00, 0x00, 0x00, 
	0x00, 0x00, 0x00, 0x00, 0x00, 0x00, 0x00, 0x00, 0x00, 0x00, 0x00, 0x00, 0x00, 0x10, 0x00, 0x00, 
	0x00, 0x00, 0x00, 0x00, 0x00, 0x00, 0x02, 0x00, 0x00, 0x10, 0x00, 0x00, 0x00, 0x00, 0x00, 0x00, 
	0x00, 0x00, 0x01, 0x80, 0x00, 0x10, 0x00, 0x00, 0x00, 0x00, 0x00, 0x00, 0x00, 0x00, 0x01, 0xc0, 
	0x00, 0x10, 0x00, 0x00, 0x00, 0x00, 0x00, 0x00, 0x00, 0x00, 0x01, 0xc0, 0x00, 0x00, 0x00, 0x00, 
	0x00, 0x00, 0x00, 0x00, 0x00, 0x00, 0x01, 0xc0, 0x00, 0xc0, 0x00, 0x00, 0x00, 0x00, 0x01, 0x00, 
	0x00, 0x00, 0x03, 0xc0, 0x01, 0xe0, 0x00, 0x00, 0x00, 0x00, 0x01, 0x80, 0x00, 0x7e, 0x03, 0x80, 
	0x01, 0xe0, 0x00, 0x00, 0x00, 0x00, 0x01, 0x80, 0x00, 0x7e, 0x07, 0x00, 0x01, 0xf0, 0x00, 0x00, 
	0x00, 0x00, 0x03, 0x80, 0x00, 0x7e, 0x1e, 0x00, 0x01, 0xf8, 0x00, 0x00, 0x00, 0x00, 0x0f, 0x00, 
	0x00, 0x7f, 0x7c, 0x00, 0x01, 0x3c, 0x00, 0x00, 0x00, 0x00, 0x1e, 0x00, 0x00, 0x7f, 0xf0, 0x00, 
	0x01, 0x9c, 0x00, 0x00, 0x00, 0x00, 0x3c, 0x00, 0x00, 0x7f, 0xc0, 0x00, 0x00, 0x1c, 0x00, 0x00, 
	0x00, 0x00, 0x38, 0x00, 0x00, 0x63, 0x80, 0x00, 0x00, 0x0c, 0x00, 0x00, 0x00, 0x00, 0x00, 0x00, 
	0x18, 0x63, 0xc0, 0x00, 0x00, 0x00, 0x00, 0x00, 0x00, 0x00, 0x00, 0x00, 0x00, 0x61, 0xc0, 0x00, 
	0x00, 0x00, 0x00, 0x00, 0x00, 0x00, 0x00, 0x00, 0x00, 0x00, 0xc0, 0x00, 0x00, 0x00, 0x00, 0x00, 
	0x00, 0x00, 0x00, 0x00, 0x00, 0x00, 0x00, 0x00, 0x00, 0x00, 0x00, 0x00, 0x00, 0x00, 0x00, 0x00, 
	0x00, 0x00, 0x00, 0x00, 0x00, 0x00, 0x00, 0x00, 0x00, 0x00, 0x00, 0x00, 0x00, 0x00, 0x00, 0x00, 
	0x00, 0x00, 0x00, 0x00, 0x00, 0x00, 0x00, 0x00, 0x00, 0x00, 0x00, 0x00, 0x00, 0x00, 0x00, 0x00, 
	0x00, 0x00, 0x00, 0x00, 0x00, 0x00, 0x00, 0x00, 0x00, 0x00, 0x00, 0x00, 0x00, 0x00, 0x00, 0x00, 
	0x00, 0x00, 0x00, 0x00, 0x00, 0x00, 0x00, 0x00
};
const unsigned char hippoBitMap95 [] PROGMEM = {
	0x00, 0x00, 0x00, 0x00, 0x00, 0x00, 0x00, 0x00, 0x00, 0x00, 0x00, 0x00, 0x00, 0x00, 0x00, 0x00, 
	0x00, 0x00, 0x00, 0x00, 0x00, 0x00, 0x00, 0x00, 0x00, 0x00, 0x00, 0x00, 0x00, 0x00, 0x00, 0x00, 
	0x00, 0x00, 0x00, 0x00, 0x00, 0x00, 0x00, 0x00, 0x07, 0xff, 0xff, 0x00, 0x00, 0x00, 0x00, 0x00, 
	0x00, 0x00, 0x00, 0x00, 0x0f, 0xff, 0xff, 0x80, 0x00, 0x00, 0x00, 0x00, 0x00, 0x00, 0x00, 0x00, 
	0xff, 0xff, 0xff, 0xf8, 0x00, 0x00, 0x00, 0x00, 0x00, 0x00, 0x00, 0x03, 0xff, 0xff, 0xff, 0xff, 
	0x80, 0x00, 0x00, 0x00, 0x00, 0x00, 0x00, 0x0f, 0xff, 0xff, 0xff, 0xff, 0xc0, 0x00, 0x00, 0x00, 
	0x00, 0x00, 0x00, 0x3f, 0xff, 0xff, 0xff, 0xff, 0xf0, 0x00, 0x00, 0x00, 0x00, 0x00, 0x07, 0xff, 
	0xff, 0xfb, 0xff, 0xff, 0xff, 0x80, 0x00, 0x00, 0x00, 0x00, 0x1f, 0xff, 0xff, 0xfc, 0xff, 0xff, 
	0xff, 0xc0, 0x00, 0x00, 0x00, 0x00, 0x3f, 0xff, 0xff, 0xfe, 0x7f, 0xff, 0xff, 0xf0, 0x00, 0x00, 
	0x00, 0x00, 0x7f, 0xff, 0xff, 0xfe, 0x3f, 0xff, 0xff, 0xfc, 0x00, 0x00, 0x00, 0x00, 0xff, 0xff, 
	0xf0, 0x39, 0x3f, 0xff, 0xff, 0xfe, 0x00, 0x00, 0x00, 0x07, 0xff, 0xff, 0xe0, 0x3d, 0xdf, 0xff, 
	0xff, 0xff, 0x00, 0x00, 0x00, 0x07, 0xff, 0xff, 0xe0, 0x3f, 0xcf, 0xff, 0xff, 0xff, 0x80, 0x00, 
	0x00, 0x07, 0x00, 0x1f, 0xe0, 0x3f, 0xc7, 0xff, 0xff, 0xff, 0xc0, 0x00, 0x00, 0x00, 0x00, 0x1f, 
	0xc0, 0x3f, 0xa7, 0xff, 0xff, 0xff, 0xe0, 0x00, 0x00, 0x00, 0x00, 0x0f, 0x80, 0x7f, 0xa3, 0xff, 
	0xff, 0xff, 0xf0, 0x00, 0x00, 0x00, 0x08, 0x0f, 0x80, 0xff, 0x81, 0xff, 0xff, 0xff, 0xf0, 0x00, 
	0x00, 0x00, 0xf8, 0x3f, 0xc1, 0xf9, 0x01, 0xff, 0xff, 0xff, 0xf0, 0x00, 0x00, 0x7f, 0xf0, 0x1f, 
	0xe0, 0xf0, 0x00, 0xff, 0xff, 0xff, 0xf8, 0x00, 0x00, 0xff, 0xe0, 0x07, 0xf8, 0x00, 0x00, 0xff, 
	0xff, 0xff, 0xfc, 0x00, 0x00, 0xff, 0xe0, 0x03, 0xfc, 0x00, 0x00, 0x7f, 0xff, 0xff, 0xfe, 0x00, 
	0x00, 0xcf, 0xf8, 0x01, 0xfe, 0x00, 0x00, 0x3f, 0xff, 0xff, 0xfe, 0x00, 0x00, 0x00, 0x3c, 0x00, 
	0x0f, 0x00, 0x00, 0x3f, 0xff, 0xff, 0xff, 0x00, 0x00, 0x00, 0x1e, 0x00, 0x0f, 0x00, 0x00, 0x1f, 
	0xff, 0xff, 0xff, 0x00, 0x01, 0x00, 0x1f, 0x00, 0x09, 0x00, 0x00, 0x0f, 0xff, 0xff, 0xff, 0x00, 
	0x03, 0x00, 0x0f, 0x00, 0x10, 0x00, 0x00, 0x03, 0xc0, 0xff, 0xff, 0x00, 0x03, 0x00, 0x0f, 0x00, 
	0x00, 0x00, 0x00, 0x00, 0x00, 0x3f, 0xff, 0x80, 0x03, 0x00, 0x0f, 0x00, 0x00, 0x00, 0x00, 0x00, 
	0x00, 0x1f, 0xff, 0xc0, 0x03, 0x00, 0x0f, 0x00, 0x00, 0x00, 0x00, 0x00, 0x00, 0x07, 0xff, 0xc0, 
	0x03, 0x00, 0x0f, 0x80, 0x00, 0x00, 0x00, 0x00, 0x00, 0x01, 0xff, 0xc0, 0x03, 0x00, 0x1f, 0xe0, 
	0x01, 0x00, 0x00, 0x00, 0x00, 0x00, 0xfb, 0xc0, 0x07, 0x80, 0x1f, 0xf8, 0x07, 0x80, 0x00, 0x00, 
	0x00, 0x00, 0xf1, 0xc0, 0x07, 0x80, 0x1f, 0xfe, 0x0f, 0xd8, 0x00, 0x00, 0x00, 0x00, 0x71, 0xc0, 
	0x07, 0x00, 0x1f, 0xfe, 0x0f, 0xfc, 0x00, 0x00, 0x00, 0x00, 0x70, 0xc0, 0x07, 0x00, 0x1f, 0xff, 
	0x8f, 0xfe, 0x00, 0x00, 0x00, 0x00, 0x70, 0xc0, 0x06, 0x00, 0x1f, 0xff, 0xcf, 0xfe, 0x00, 0x00, 
	0x00, 0x00, 0x30, 0xc0, 0x0c, 0x10, 0x3f, 0xff, 0x87, 0xfe, 0x00, 0x00, 0x00, 0x00, 0x00, 0xc0, 
	0x0c, 0x70, 0x3f, 0xff, 0x87, 0xfe, 0x00, 0x00, 0x00, 0x00, 0x00, 0xc0, 0x0c, 0x78, 0x7f, 0xff, 
	0x83, 0xfe, 0x00, 0x00, 0x00, 0x00, 0x00, 0xc0, 0x00, 0x7e, 0x3f, 0xff, 0xe1, 0xfe, 0x00, 0x00, 
	0x00, 0x00, 0x00, 0x00, 0x00, 0xff, 0x1f, 0xff, 0xe0, 0xfc, 0x00, 0x00, 0x00, 0x00, 0x00, 0x00, 
	0x00, 0xff, 0x0f, 0xff, 0xe0, 0x00, 0x00, 0x00, 0x00, 0x00, 0x00, 0x00, 0x05, 0xff, 0x07, 0xff, 
	0xe0, 0x00, 0x00, 0x00, 0x00, 0x00, 0x00, 0xc0, 0x03, 0x8f, 0x00, 0x3f, 0xe0, 0x00, 0x00, 0x00, 
	0x00, 0x00, 0x00, 0x00, 0x00, 0x00, 0x00, 0x00, 0x30, 0x00, 0x00, 0x00, 0x00, 0x00, 0x00, 0x00, 
	0x00, 0x00, 0x00, 0x00, 0x30, 0x00, 0x00, 0x00, 0x00, 0x00, 0x00, 0x00, 0x00, 0x00, 0x00, 0x00, 
	0x30, 0x00, 0x00, 0x00, 0x00, 0x00, 0x00, 0x00, 0x20, 0x00, 0x00, 0x00, 0x30, 0x00, 0x00, 0x00, 
	0x00, 0x00, 0x00, 0x00, 0x20, 0x00, 0x00, 0x00, 0x30, 0x00, 0x00, 0x00, 0x00, 0x00, 0x03, 0x00, 
	0x20, 0x00, 0x00, 0x00, 0x30, 0x00, 0x00, 0x00, 0x00, 0x00, 0x06, 0x00, 0x00, 0x00, 0x00, 0x00, 
	0x30, 0x00, 0x00, 0x00, 0x00, 0x00, 0x06, 0x00, 0x00, 0x00, 0x00, 0x00, 0x30, 0x00, 0x00, 0x00, 
	0x00, 0x00, 0x0e, 0x00, 0x00, 0x00, 0x00, 0x00, 0x00, 0x00, 0x00, 0x00, 0x00, 0x00, 0x0e, 0x00, 
	0x00, 0x00, 0x00, 0x00, 0x00, 0x00, 0x00, 0x00, 0x00, 0x00, 0x0c, 0x00, 0x00, 0x00, 0x00, 0x00, 
	0x00, 0x00, 0x00, 0x00, 0x00, 0x00, 0x08, 0x00, 0x20, 0x00, 0x00, 0x00, 0x00, 0x00, 0x00, 0x00, 
	0x00, 0x00, 0x00, 0x00, 0x00, 0x00, 0x00, 0x00, 0x00, 0x00, 0x00, 0x00, 0x00, 0x00, 0x00, 0x00, 
	0x00, 0x00, 0x00, 0x00, 0x00, 0x00, 0x00, 0x00, 0x00, 0x00, 0x00, 0x00, 0x00, 0x00, 0x00, 0x00, 
	0x00, 0x00, 0x00, 0x00, 0x00, 0x00, 0x00, 0x00, 0x00, 0x00, 0x00, 0x00, 0x00, 0x00, 0x00, 0x00, 
	0x00, 0x00, 0x10, 0x00, 0x00, 0x1c, 0x00, 0x00, 0x00, 0x00, 0x00, 0x00, 0x00, 0x00, 0x00, 0x00, 
	0x00, 0x1c, 0x00, 0x00, 0x00, 0x00, 0x00, 0x00, 0x00, 0x00, 0x00, 0x00, 0x00, 0x00, 0x00, 0x00, 
	0x00, 0x00, 0x00, 0x00, 0x00, 0x00, 0x00, 0x00, 0x00, 0x00, 0x00, 0x00, 0x00, 0x00, 0x00, 0x00, 
	0x00, 0x00, 0x00, 0x00, 0x00, 0x00, 0x00, 0x00, 0x00, 0x00, 0x00, 0x00, 0x00, 0x00, 0x00, 0x00, 
	0x00, 0x00, 0x00, 0x00, 0x00, 0x00, 0x00, 0x00, 0x00, 0x00, 0x00, 0x00, 0x00, 0x00, 0x00, 0x00, 
	0x10, 0x00, 0x00, 0x00, 0x00, 0x00, 0x00, 0x00, 0x00, 0x00, 0x00, 0x00, 0x00, 0x00, 0x00, 0x00, 
	0x00, 0x01, 0x00, 0x00, 0x00, 0x00, 0x00, 0x00, 0x00, 0x00, 0x00, 0x00, 0x00, 0x01, 0x00, 0x00, 
	0x00, 0x00, 0x00, 0x00, 0x00, 0x00, 0x00, 0x40, 0x00, 0x01, 0x00, 0x00, 0x00, 0x00, 0x00, 0x00, 
	0x00, 0x00, 0x20, 0x38, 0x00, 0x01, 0x00, 0x00, 0x00, 0x00, 0x00, 0x00, 0x00, 0x00, 0x00, 0x38, 
	0x00, 0x01, 0x00, 0x00, 0x00, 0x00, 0x00, 0x00, 0x00, 0x00, 0x00, 0x38, 0x00, 0x00, 0x00, 0x00, 
	0x00, 0x00, 0x00, 0x00, 0x00, 0x00, 0x00, 0x38, 0x00, 0x0e, 0x00, 0x00, 0x00, 0x00, 0x00, 0x80, 
	0x00, 0x00, 0x00, 0x78, 0x00, 0x1e, 0x00, 0x00, 0x00, 0x00, 0x00, 0xc0, 0x00, 0x0f, 0x80, 0x70, 
	0x00, 0x1e, 0x00, 0x00, 0x00, 0x00, 0x00, 0xe0, 0x00, 0x1f, 0xc0, 0x60, 0x00, 0x1f, 0x00, 0x00, 
	0x00, 0x00, 0x00, 0xe0, 0x00, 0x1f, 0xc3, 0xc0, 0x00, 0x1f, 0x80, 0x00, 0x00, 0x00, 0x03, 0xc0, 
	0x00, 0x1f, 0xcf, 0x80, 0x00, 0x13, 0xe0, 0x00, 0x00, 0x00, 0x07, 0x80, 0x00, 0x1f, 0xfe, 0x00, 
	0x00, 0x19, 0xe0, 0x00, 0x00, 0x00, 0x0f, 0x00, 0x00, 0x1f, 0xfc, 0x00, 0x00, 0x19, 0xe0, 0x00, 
	0x00, 0x00, 0x1e, 0x00, 0x00, 0x1c, 0x60, 0x00, 0x00, 0x00, 0xe0, 0x00, 0x00, 0x00, 0x00, 0x00, 
	0x06, 0x1c, 0x70, 0x00, 0x00, 0x00, 0x00, 0x00, 0x00, 0x00, 0x00, 0x00, 0x00, 0x1c, 0x78, 0x00, 
	0x00, 0x00, 0x00, 0x00, 0x00, 0x00, 0x00, 0x00, 0x00, 0x0c, 0x38, 0x00, 0x00, 0x00, 0x00, 0x00, 
	0x00, 0x00, 0x00, 0x00, 0x00, 0x00, 0x10, 0x00, 0x00, 0x00, 0x00, 0x00, 0x00, 0x00, 0x00, 0x00, 
	0x00, 0x00, 0x00, 0x00, 0x00, 0x00, 0x00, 0x00, 0x00, 0x00, 0x00, 0x00, 0x00, 0x00, 0x00, 0x00, 
	0x00, 0x00, 0x00, 0x00, 0x00, 0x00, 0x00, 0x00, 0x00, 0x00, 0x00, 0x00, 0x00, 0x00, 0x00, 0x00, 
	0x00, 0x00, 0x00, 0x00, 0x00, 0x00, 0x00, 0x00, 0x00, 0x00, 0x00, 0x00, 0x00, 0x00, 0x00, 0x00, 
	0x00, 0x00, 0x00, 0x00, 0x00, 0x00, 0x00, 0x00, 0x00, 0x00, 0x00, 0x00, 0x00, 0x00, 0x00, 0x00, 
	0x00, 0x00, 0x00, 0x00
};
const unsigned char hippoBitMap100 [] PROGMEM = {
	0x00, 0x00, 0x00, 0x00, 0x00, 0x00, 0x00, 0x00, 0x00, 0x00, 0x00, 0x00, 0x00, 0x00, 0x00, 0x00, 
	0x00, 0x00, 0x00, 0x00, 0x00, 0x00, 0x00, 0x00, 0x00, 0x00, 0x00, 0x00, 0x00, 0x00, 0x00, 0x00, 
	0x00, 0x00, 0x00, 0x00, 0x00, 0x00, 0x00, 0x00, 0x00, 0x00, 0x00, 0x00, 0x00, 0x00, 0x00, 0x00, 
	0x00, 0x00, 0x00, 0x00, 0x00, 0x00, 0x00, 0x00, 0x03, 0xff, 0xff, 0xf0, 0x00, 0x00, 0x00, 0x00, 
	0x00, 0x00, 0x00, 0x00, 0x00, 0x3f, 0xff, 0xff, 0xff, 0x00, 0x00, 0x00, 0x00, 0x00, 0x00, 0x00, 
	0x00, 0x00, 0xff, 0xff, 0xff, 0xff, 0xf0, 0x00, 0x00, 0x00, 0x00, 0x00, 0x00, 0x00, 0x01, 0xff, 
	0xff, 0xff, 0xff, 0xf8, 0x00, 0x00, 0x00, 0x00, 0x00, 0x00, 0x00, 0x0f, 0xff, 0x7f, 0xff, 0xff, 
	0xfe, 0x00, 0x00, 0x00, 0x00, 0x00, 0x00, 0x01, 0xff, 0xff, 0xfe, 0xff, 0xff, 0xff, 0xf8, 0x00, 
	0x00, 0x00, 0x00, 0x00, 0x03, 0xff, 0xff, 0xff, 0xff, 0xff, 0xff, 0xfc, 0x00, 0x00, 0x00, 0x00, 
	0x00, 0x1f, 0xff, 0xff, 0xff, 0x9f, 0xff, 0xff, 0xfe, 0x00, 0x00, 0x00, 0x00, 0x00, 0x3f, 0xff, 
	0xff, 0xff, 0x8f, 0xff, 0xff, 0xff, 0x80, 0x00, 0x00, 0x00, 0x00, 0x3f, 0xff, 0xff, 0xff, 0xc7, 
	0xff, 0xff, 0xff, 0xc0, 0x00, 0x00, 0x00, 0x00, 0x7f, 0xff, 0xfc, 0x0e, 0x37, 0xff, 0xff, 0xff, 
	0xe0, 0x00, 0x00, 0x00, 0x03, 0xff, 0xff, 0xf8, 0x0f, 0x3b, 0xff, 0xff, 0xff, 0xf0, 0x00, 0x00, 
	0x00, 0x03, 0xc0, 0x1f, 0xf8, 0x0f, 0xf9, 0xff, 0xff, 0xff, 0xf8, 0x00, 0x00, 0x00, 0x03, 0x00, 
	0x0f, 0xf0, 0x0f, 0xf9, 0xff, 0xff, 0xff, 0xfc, 0x00, 0x00, 0x00, 0x00, 0x00, 0x0f, 0xe0, 0x0f, 
	0xe4, 0xff, 0xff, 0xff, 0xfe, 0x00, 0x00, 0x00, 0x00, 0x00, 0x07, 0xe0, 0x1f, 0xe4, 0xff, 0xff, 
	0xff, 0xff, 0x00, 0x00, 0x00, 0x00, 0x04, 0x07, 0xc0, 0x3f, 0xe4, 0x7f, 0xff, 0xff, 0xff, 0x80, 
	0x00, 0x00, 0x00, 0x7c, 0x1f, 0xe0, 0x7e, 0x20, 0x3f, 0xff, 0xff, 0xff, 0x80, 0x00, 0x00, 0x3f, 
	0xf8, 0x0f, 0xf8, 0x3e, 0x00, 0x3f, 0xff, 0xff, 0xff, 0xc0, 0x00, 0x00, 0x7f, 0xf0, 0x07, 0xfc, 
	0x0c, 0x00, 0x1f, 0xff, 0xff, 0xff, 0xe0, 0x00, 0x00, 0xff, 0xf0, 0x01, 0xff, 0x00, 0x00, 0x0f, 
	0xff, 0xff, 0xff, 0xe0, 0x00, 0x00, 0xff, 0xfc, 0x00, 0xff, 0x80, 0x00, 0x07, 0xff, 0xff, 0xff, 
	0xe0, 0x00, 0x00, 0x00, 0x3e, 0x00, 0x07, 0xc0, 0x00, 0x07, 0xff, 0xff, 0xff, 0xf0, 0x00, 0x00, 
	0x00, 0x0f, 0x00, 0x03, 0xe0, 0x00, 0x07, 0xff, 0xff, 0xff, 0xf8, 0x00, 0x01, 0x00, 0x0f, 0x80, 
	0x03, 0x60, 0x00, 0x01, 0xff, 0xff, 0xff, 0xf8, 0x00, 0x01, 0x00, 0x0f, 0x80, 0x00, 0x00, 0x00, 
	0x00, 0x7c, 0x1f, 0xff, 0xf8, 0x00, 0x01, 0x00, 0x07, 0x80, 0x04, 0x00, 0x00, 0x00, 0x38, 0x0f, 
	0xff, 0xf8, 0x00, 0x01, 0x00, 0x07, 0x80, 0x00, 0x00, 0x00, 0x00, 0x00, 0x03, 0xff, 0xfc, 0x00, 
	0x01, 0x00, 0x07, 0x80, 0x00, 0x00, 0x00, 0x00, 0x00, 0x00, 0x7f, 0xfc, 0x00, 0x01, 0x00, 0x07, 
	0xc0, 0x00, 0x00, 0x00, 0x00, 0x00, 0x00, 0x3f, 0xfc, 0x00, 0x03, 0x00, 0x07, 0xe0, 0x00, 0x00, 
	0x00, 0x00, 0x00, 0x00, 0x1f, 0xfc, 0x00, 0x03, 0x80, 0x0f, 0xf8, 0x00, 0xc0, 0x00, 0x00, 0x00, 
	0x00, 0x0f, 0x9c, 0x00, 0x07, 0x80, 0x0f, 0xfc, 0x01, 0xe0, 0x00, 0x00, 0x00, 0x00, 0x07, 0x9c, 
	0x00, 0x07, 0x80, 0x0f, 0xff, 0x03, 0xf6, 0x00, 0x00, 0x00, 0x00, 0x03, 0x8c, 0x00, 0x07, 0x00, 
	0x0f, 0xff, 0x03, 0xff, 0x00, 0x00, 0x00, 0x00, 0x03, 0x84, 0x00, 0x07, 0x00, 0x0f, 0xff, 0xc3, 
	0xff, 0x80, 0x00, 0x00, 0x00, 0x03, 0x84, 0x00, 0x07, 0x00, 0x0f, 0xff, 0xe3, 0xff, 0xc0, 0x00, 
	0x00, 0x00, 0x03, 0x04, 0x00, 0x0e, 0x10, 0x1f, 0xff, 0xe3, 0xff, 0xc0, 0x00, 0x00, 0x00, 0x00, 
	0x04, 0x00, 0x0e, 0x30, 0x1f, 0xff, 0xe1, 0xff, 0xc0, 0x00, 0x00, 0x00, 0x00, 0x04, 0x00, 0x0c, 
	0x78, 0x3f, 0xff, 0xe0, 0xff, 0xc0, 0x00, 0x00, 0x00, 0x00, 0x04, 0x00, 0x08, 0x7e, 0x3f, 0xff, 
	0xf8, 0x7f, 0xc0, 0x00, 0x00, 0x00, 0x00, 0x04, 0x00, 0x00, 0xff, 0x1f, 0xff, 0xf8, 0x3f, 0x80, 
	0x00, 0x00, 0x00, 0x00, 0x00, 0x00, 0x00, 0xff, 0x8f, 0xff, 0xf8, 0x0e, 0x00, 0x00, 0x00, 0x00, 
	0x00, 0x00, 0x00, 0x02, 0xff, 0x87, 0xff, 0xf8, 0x00, 0x00, 0x00, 0x00, 0x00, 0x00, 0x04, 0x00, 
	0x01, 0xcf, 0x80, 0x1f, 0xf8, 0x00, 0x00, 0x00, 0x00, 0x00, 0x00, 0x04, 0x00, 0x00, 0x00, 0x00, 
	0x00, 0x3c, 0x00, 0x00, 0x00, 0x00, 0x00, 0x00, 0x00, 0x00, 0x00, 0x00, 0x00, 0x00, 0x1c, 0x00, 
	0x00, 0x00, 0x00, 0x00, 0x00, 0x00, 0x00, 0x00, 0x00, 0x00, 0x00, 0x1c, 0x00, 0x00, 0x00, 0x00, 
	0x00, 0x00, 0x04, 0x00, 0x00, 0x00, 0x00, 0x00, 0x1c, 0x00, 0x00, 0x00, 0x00, 0x00, 0x00, 0x00, 
	0x00, 0x30, 0x00, 0x00, 0x00, 0x1c, 0x00, 0x00, 0x00, 0x00, 0x00, 0x00, 0x00, 0x00, 0x30, 0x00, 
	0x00, 0x00, 0x1c, 0x00, 0x00, 0x00, 0x00, 0x00, 0x00, 0x38, 0x00, 0x30, 0x00, 0x00, 0x00, 0x1c, 
	0x00, 0x00, 0x00, 0x00, 0x00, 0x10, 0x30, 0x00, 0x00, 0x00, 0x00, 0x00, 0x1c, 0x00, 0x00, 0x00, 
	0x00, 0x00, 0x00, 0x60, 0x00, 0x00, 0x00, 0x00, 0x00, 0x0c, 0x00, 0x00, 0x00, 0x00, 0x00, 0x00, 
	0x60, 0x00, 0x00, 0x00, 0x00, 0x00, 0x00, 0x00, 0x00, 0x00, 0x00, 0x00, 0x00, 0x60, 0x00, 0x00, 
	0x00, 0x00, 0x00, 0x00, 0x00, 0x00, 0x00, 0x00, 0x00, 0x00, 0x60, 0x00, 0x00, 0x00, 0x00, 0x00, 
	0x00, 0x00, 0x00, 0x00, 0x00, 0x00, 0x00, 0x40, 0x00, 0x30, 0x00, 0x00, 0x00, 0x00, 0x00, 0x00, 
	0x00, 0x00, 0x00, 0x00, 0x00, 0x00, 0x00, 0x00, 0x00, 0x00, 0x00, 0x00, 0x00, 0x00, 0x00, 0x00, 
	0x00, 0x00, 0x00, 0x00, 0x00, 0x00, 0x00, 0x00, 0x00, 0x00, 0x00, 0x00, 0x00, 0x00, 0x00, 0x00, 
	0x00, 0x00, 0x00, 0x00, 0x00, 0x00, 0x00, 0x00, 0x00, 0x00, 0x00, 0x00, 0x00, 0x00, 0x00, 0x00, 
	0x00, 0x00, 0x00, 0x00, 0x00, 0x00, 0x00, 0x00, 0x00, 0x00, 0x00, 0x00, 0x00, 0x00, 0x00, 0x00, 
	0x00, 0x00, 0x00, 0x00, 0x00, 0x00, 0x00, 0x00, 0x1e, 0x00, 0x00, 0x00, 0x00, 0x00, 0x00, 0x00, 
	0x00, 0x00, 0x00, 0x00, 0x00, 0x00, 0x00, 0x00, 0x00, 0x00, 0x00, 0x00, 0x00, 0x00, 0x00, 0x00, 
	0x00, 0x00, 0x00, 0x00, 0x00, 0x00, 0x00, 0x00, 0x00, 0x00, 0x00, 0x00, 0x00, 0x00, 0x00, 0x00, 
	0x00, 0x00, 0x00, 0x00, 0x00, 0x00, 0x00, 0x00, 0x00, 0x00, 0x00, 0x00, 0x00, 0x00, 0x00, 0x00, 
	0x00, 0x00, 0x00, 0x00, 0x00, 0x00, 0x00, 0x00, 0x00, 0x00, 0x00, 0x00, 0x00, 0x00, 0x00, 0x00, 
	0x00, 0x00, 0x00, 0x00, 0x00, 0x00, 0x00, 0x00, 0x00, 0x04, 0x00, 0x00, 0x00, 0x00, 0x00, 0x00, 
	0x00, 0x00, 0x00, 0x00, 0x00, 0x00, 0x00, 0x00, 0x00, 0x00, 0x00, 0x00, 0x10, 0x00, 0x00, 0x00, 
	0x00, 0x00, 0x00, 0x00, 0x00, 0x00, 0x00, 0x00, 0x00, 0x10, 0x00, 0x00, 0x00, 0x00, 0x00, 0x00, 
	0x00, 0x00, 0x00, 0x08, 0x00, 0x00, 0x10, 0x00, 0x00, 0x00, 0x00, 0x00, 0x00, 0x00, 0x00, 0x04, 
	0x07, 0x00, 0x00, 0x10, 0x00, 0x00, 0x00, 0x00, 0x00, 0x00, 0x00, 0x00, 0x00, 0x07, 0x00, 0x00, 
	0x10, 0x00, 0x00, 0x00, 0x00, 0x00, 0x00, 0x00, 0x00, 0x00, 0x07, 0x00, 0x00, 0x00, 0x00, 0x00, 
	0x00, 0x00, 0x00, 0x00, 0x00, 0x00, 0x00, 0x07, 0x00, 0x00, 0xe0, 0x00, 0x00, 0x00, 0x00, 0x00, 
	0x00, 0x00, 0x00, 0x00, 0x0f, 0x00, 0x01, 0xe0, 0x00, 0x00, 0x00, 0x00, 0x00, 0x60, 0x00, 0x00, 
	0x00, 0x0e, 0x00, 0x03, 0xe0, 0x00, 0x00, 0x00, 0x00, 0x00, 0x70, 0x00, 0x07, 0xf8, 0x0c, 0x00, 
	0x03, 0xf0, 0x00, 0x00, 0x00, 0x00, 0x00, 0x70, 0x00, 0x07, 0xf8, 0x78, 0x00, 0x03, 0xfc, 0x00, 
	0x00, 0x00, 0x00, 0x01, 0xe0, 0x00, 0x07, 0xf9, 0xf0, 0x00, 0x03, 0xbe, 0x00, 0x00, 0x00, 0x00, 
	0x03, 0xc0, 0x00, 0x07, 0xfb, 0xe0, 0x00, 0x03, 0x9e, 0x00, 0x00, 0x00, 0x00, 0x07, 0x80, 0x00, 
	0x07, 0xff, 0x80, 0x00, 0x01, 0x9e, 0x00, 0x00, 0x00, 0x00, 0x0f, 0x00, 0x00, 0x07, 0x9e, 0x00, 
	0x00, 0x00, 0x0e, 0x00, 0x00, 0x00, 0x00, 0x0e, 0x00, 0x00, 0x07, 0x1c, 0x00, 0x00, 0x00, 0x04, 
	0x00, 0x00, 0x00, 0x00, 0x00, 0x00, 0x03, 0x87, 0x1e, 0x00, 0x00, 0x00, 0x00, 0x00, 0x00, 0x00, 
	0x00, 0x00, 0x00, 0x00, 0x07, 0x0e, 0x00, 0x00, 0x00, 0x00, 0x00, 0x00, 0x00, 0x00, 0x00, 0x00, 
	0x00, 0x02, 0x06, 0x00, 0x00, 0x00, 0x00, 0x00, 0x00, 0x00, 0x00, 0x00, 0x00, 0x00, 0x00, 0x02, 
	0x00, 0x00, 0x00, 0x00, 0x00, 0x00, 0x00, 0x00, 0x00, 0x00, 0x00, 0x00, 0x00, 0x00, 0x00, 0x00, 
	0x00, 0x00, 0x00, 0x00, 0x00, 0x00, 0x00, 0x00, 0x00, 0x00, 0x00, 0x00, 0x00, 0x00, 0x00, 0x00, 
	0x00, 0x00, 0x00, 0x00, 0x00, 0x00, 0x00, 0x00, 0x00, 0x00, 0x00, 0x00, 0x00, 0x00, 0x00, 0x00, 
	0x00, 0x00, 0x00, 0x00, 0x00, 0x00, 0x00, 0x00, 0x00, 0x00, 0x00, 0x00, 0x00, 0x00, 0x00, 0x00, 
	0x00, 0x00, 0x00, 0x00, 0x00, 0x00, 0x00, 0x00, 0x00, 0x00, 0x00, 0x00, 0x00, 0x00, 0x00, 0x00, 
	0x00, 0x00, 0x00, 0x00
};
const unsigned char hippoBitMap105 [] PROGMEM = {
	0x00, 0x00, 0x00, 0x00, 0x00, 0x00, 0x00, 0x00, 0x00, 0x00, 0x00, 0x00, 0x00, 0x00, 0x00, 0x00, 
	0x00, 0x00, 0x00, 0x00, 0x00, 0x00, 0x00, 0x00, 0x00, 0x00, 0x00, 0x00, 0x00, 0x00, 0x00, 0x00, 
	0x00, 0x00, 0x00, 0x00, 0x00, 0x00, 0x00, 0x00, 0x00, 0x00, 0x00, 0x00, 0x00, 0x00, 0x00, 0x00, 
	0x00, 0x00, 0x00, 0x00, 0x00, 0x00, 0x00, 0x00, 0x00, 0x00, 0x00, 0x00, 0x00, 0xff, 0xff, 0xfe, 
	0x00, 0x00, 0x00, 0x00, 0x00, 0x00, 0x00, 0x00, 0x00, 0x00, 0x0f, 0xff, 0xff, 0xff, 0xe0, 0x00, 
	0x00, 0x00, 0x00, 0x00, 0x00, 0x00, 0x00, 0x00, 0x1f, 0xff, 0xff, 0xff, 0xf0, 0x00, 0x00, 0x00, 
	0x00, 0x00, 0x00, 0x00, 0x00, 0x00, 0x7f, 0xff, 0xff, 0xff, 0xff, 0x00, 0x00, 0x00, 0x00, 0x00, 
	0x00, 0x00, 0x00, 0x03, 0xff, 0xff, 0xff, 0xff, 0xff, 0xc0, 0x00, 0x00, 0x00, 0x00, 0x00, 0x00, 
	0x00, 0x07, 0xff, 0xff, 0xff, 0xff, 0xff, 0xe0, 0x00, 0x00, 0x00, 0x00, 0x00, 0x00, 0x00, 0xff, 
	0xff, 0xff, 0xdf, 0xff, 0xff, 0xff, 0x80, 0x00, 0x00, 0x00, 0x00, 0x00, 0x07, 0xff, 0xff, 0xff, 
	0xe7, 0xff, 0xff, 0xff, 0xc0, 0x00, 0x00, 0x00, 0x00, 0x00, 0x0f, 0xff, 0xff, 0xff, 0xe3, 0xff, 
	0xff, 0xff, 0xe0, 0x00, 0x00, 0x00, 0x00, 0x00, 0x1f, 0xff, 0xff, 0xff, 0xf1, 0xff, 0xff, 0xff, 
	0xf8, 0x00, 0x00, 0x00, 0x00, 0x00, 0x3f, 0xff, 0xff, 0x83, 0xc9, 0xff, 0xff, 0xff, 0xfe, 0x00, 
	0x00, 0x00, 0x00, 0x00, 0x7f, 0xff, 0xff, 0x03, 0xcf, 0xff, 0xff, 0xff, 0xfe, 0x00, 0x00, 0x00, 
	0x00, 0x01, 0xff, 0xff, 0xfe, 0x03, 0xee, 0x7f, 0xff, 0xff, 0xff, 0x00, 0x00, 0x00, 0x00, 0x01, 
	0xc0, 0x07, 0xfe, 0x03, 0xf6, 0x3f, 0xff, 0xff, 0xff, 0xc0, 0x00, 0x00, 0x00, 0x01, 0x80, 0x03, 
	0xfc, 0x03, 0xfe, 0x3f, 0xff, 0xff, 0xff, 0xc0, 0x00, 0x00, 0x00, 0x00, 0x00, 0x03, 0xf8, 0x03, 
	0xfd, 0xbf, 0xff, 0xff, 0xff, 0xe0, 0x00, 0x00, 0x00, 0x00, 0x00, 0x03, 0xf0, 0x07, 0xfd, 0x9f, 
	0xff, 0xff, 0xff, 0xf0, 0x00, 0x00, 0x00, 0x00, 0x03, 0x01, 0xf0, 0x0f, 0xfc, 0x0f, 0xff, 0xff, 
	0xff, 0xf8, 0x00, 0x00, 0x00, 0x00, 0x3e, 0x0f, 0xf8, 0x1f, 0x88, 0x07, 0xff, 0xff, 0xff, 0xf8, 
	0x00, 0x00, 0x00, 0x1f, 0xfc, 0x07, 0xfc, 0x0f, 0x80, 0x07, 0xff, 0xff, 0xff, 0xfc, 0x00, 0x00, 
	0x00, 0x3f, 0xfc, 0x03, 0xfe, 0x07, 0x80, 0x03, 0xff, 0xff, 0xff, 0xfe, 0x00, 0x00, 0x00, 0x7f, 
	0xf8, 0x00, 0x7f, 0xc0, 0x00, 0x01, 0xff, 0xff, 0xff, 0xff, 0x00, 0x00, 0x00, 0x7f, 0xfe, 0x00, 
	0x3f, 0xe0, 0x00, 0x00, 0xff, 0xff, 0xff, 0xff, 0x00, 0x00, 0x00, 0x67, 0xff, 0x00, 0x1f, 0xf0, 
	0x00, 0x00, 0xff, 0xff, 0xff, 0xff, 0x00, 0x00, 0x00, 0x00, 0x07, 0x80, 0x00, 0xf8, 0x00, 0x00, 
	0xff, 0xff, 0xff, 0xff, 0x80, 0x00, 0x00, 0x00, 0x07, 0xc0, 0x00, 0xf8, 0x00, 0x00, 0x7f, 0xff, 
	0xff, 0xff, 0xc0, 0x00, 0x01, 0x00, 0x07, 0xe0, 0x00, 0x88, 0x00, 0x00, 0x1f, 0xff, 0xff, 0xff, 
	0xc0, 0x00, 0x01, 0x00, 0x03, 0xe0, 0x01, 0x00, 0x00, 0x00, 0x07, 0x81, 0xff, 0xff, 0xc0, 0x00, 
	0x01, 0x00, 0x03, 0xe0, 0x00, 0x00, 0x00, 0x00, 0x00, 0x00, 0x3f, 0xff, 0xc0, 0x00, 0x01, 0x00, 
	0x03, 0xe0, 0x00, 0x00, 0x00, 0x00, 0x00, 0x00, 0x1f, 0xff, 0xe0, 0x00, 0x01, 0x00, 0x03, 0xe0, 
	0x00, 0x00, 0x00, 0x00, 0x00, 0x00, 0x07, 0xff, 0xe0, 0x00, 0x01, 0x00, 0x03, 0xf0, 0x00, 0x00, 
	0x00, 0x00, 0x00, 0x00, 0x03, 0xff, 0xe0, 0x00, 0x01, 0x80, 0x03, 0xf0, 0x00, 0x00, 0x00, 0x00, 
	0x00, 0x00, 0x01, 0xff, 0xe0, 0x00, 0x03, 0xc0, 0x07, 0xfe, 0x00, 0x38, 0x00, 0x00, 0x00, 0x00, 
	0x00, 0xf8, 0xe0, 0x00, 0x03, 0xc0, 0x07, 0xff, 0x80, 0x7c, 0x00, 0x00, 0x00, 0x00, 0x00, 0x78, 
	0xe0, 0x00, 0x03, 0xc0, 0x07, 0xff, 0xc0, 0xfd, 0x80, 0x00, 0x00, 0x00, 0x00, 0x38, 0xe0, 0x00, 
	0x03, 0x80, 0x07, 0xff, 0xc0, 0xff, 0xe0, 0x00, 0x00, 0x00, 0x00, 0x38, 0x20, 0x00, 0x03, 0x00, 
	0x07, 0xff, 0xf0, 0xff, 0xf0, 0x00, 0x00, 0x00, 0x00, 0x38, 0x20, 0x00, 0x07, 0x00, 0x07, 0xff, 
	0xf8, 0xff, 0xf0, 0x00, 0x00, 0x00, 0x00, 0x18, 0x20, 0x00, 0x0e, 0x08, 0x0f, 0xff, 0xf8, 0xff, 
	0xf0, 0x00, 0x00, 0x00, 0x00, 0x00, 0x20, 0x00, 0x0e, 0x18, 0x0f, 0xff, 0xf0, 0x7f, 0xf0, 0x00, 
	0x00, 0x00, 0x00, 0x00, 0x20, 0x00, 0x0e, 0x38, 0x1f, 0xff, 0xf0, 0x3f, 0xf0, 0x00, 0x00, 0x00, 
	0x00, 0x00, 0x20, 0x00, 0x0c, 0x3f, 0x1f, 0xff, 0xfe, 0x1f, 0xf0, 0x00, 0x00, 0x00, 0x00, 0x00, 
	0x20, 0x00, 0x00, 0x7f, 0x8f, 0xff, 0xfe, 0x0f, 0xe0, 0x00, 0x00, 0x00, 0x00, 0x00, 0x00, 0x00, 
	0x00, 0x7f, 0x87, 0xff, 0xfe, 0x07, 0xc0, 0x00, 0x00, 0x00, 0x00, 0x00, 0x00, 0x00, 0x00, 0xff, 
	0x83, 0xff, 0xfe, 0x00, 0x00, 0x00, 0x00, 0x00, 0x00, 0x00, 0x20, 0x00, 0x01, 0xef, 0x80, 0x1f, 
	0xfe, 0x00, 0x00, 0x00, 0x00, 0x00, 0x00, 0x00, 0x20, 0x00, 0x09, 0xc7, 0x80, 0x0f, 0xfe, 0x00, 
	0x00, 0x00, 0x00, 0x00, 0x00, 0x00, 0x20, 0x00, 0x00, 0x00, 0x00, 0x00, 0x07, 0x00, 0x00, 0x00, 
	0x00, 0x00, 0x00, 0x00, 0x00, 0x00, 0x00, 0x00, 0x00, 0x00, 0x07, 0x00, 0x00, 0x00, 0x00, 0x00, 
	0x00, 0x00, 0x00, 0x00, 0x00, 0x00, 0x00, 0x00, 0x07, 0x00, 0x00, 0x00, 0x00, 0x00, 0x00, 0x00, 
	0x00, 0x00, 0x00, 0x00, 0x00, 0x00, 0x07, 0x00, 0x00, 0x00, 0x00, 0x00, 0x00, 0x00, 0x00, 0x00, 
	0x30, 0x00, 0x00, 0x00, 0x07, 0x00, 0x00, 0x00, 0x00, 0x00, 0x00, 0x00, 0x00, 0x00, 0x30, 0x00, 
	0x00, 0x00, 0x07, 0x00, 0x00, 0x00, 0x00, 0x00, 0x00, 0x03, 0x80, 0x00, 0x30, 0x00, 0x00, 0x00, 
	0x07, 0x00, 0x00, 0x00, 0x00, 0x00, 0x01, 0x03, 0x00, 0x00, 0x00, 0x00, 0x00, 0x00, 0x07, 0x00, 
	0x00, 0x00, 0x00, 0x00, 0x00, 0x03, 0x00, 0x00, 0x00, 0x00, 0x00, 0x00, 0x03, 0x00, 0x00, 0x00, 
	0x00, 0x00, 0x00, 0x07, 0x00, 0x00, 0x00, 0x00, 0x00, 0x00, 0x00, 0x00, 0x00, 0x00, 0x00, 0x00, 
	0x00, 0x07, 0x00, 0x00, 0x00, 0x00, 0x00, 0x00, 0x00, 0x00, 0x00, 0x00, 0x00, 0x00, 0x00, 0x06, 
	0x00, 0x00, 0x00, 0x00, 0x00, 0x00, 0x00, 0x00, 0x00, 0x00, 0x00, 0x00, 0x00, 0x04, 0x00, 0x00, 
	0x10, 0x00, 0x00, 0x00, 0x00, 0x00, 0x00, 0x00, 0x00, 0x00, 0x00, 0x00, 0x00, 0x00, 0x00, 0x00, 
	0x00, 0x00, 0x00, 0x00, 0x00, 0x00, 0x00, 0x00, 0x00, 0x00, 0x00, 0x00, 0x00, 0x00, 0x00, 0x00, 
	0x00, 0x00, 0x00, 0x00, 0x00, 0x00, 0x00, 0x00, 0x00, 0x00, 0x00, 0x00, 0x00, 0x00, 0x00, 0x00, 
	0x00, 0x00, 0x00, 0x00, 0x00, 0x00, 0x00, 0x00, 0x00, 0x00, 0x00, 0x00, 0x00, 0x00, 0x00, 0x00, 
	0x00, 0x00, 0x00, 0x00, 0x00, 0x00, 0x00, 0x00, 0x00, 0x00, 0x00, 0x00, 0x00, 0x00, 0x00, 0x00, 
	0x00, 0x08, 0x00, 0x00, 0x00, 0x0f, 0x00, 0x00, 0x00, 0x00, 0x00, 0x00, 0x00, 0x00, 0x00, 0x00, 
	0x00, 0x00, 0x00, 0x00, 0x00, 0x00, 0x00, 0x00, 0x00, 0x00, 0x00, 0x00, 0x00, 0x00, 0x00, 0x00, 
	0x00, 0x00, 0x00, 0x00, 0x00, 0x00, 0x00, 0x00, 0x00, 0x00, 0x00, 0x00, 0x00, 0x00, 0x00, 0x00, 
	0x00, 0x00, 0x00, 0x00, 0x00, 0x00, 0x00, 0x00, 0x00, 0x00, 0x00, 0x00, 0x00, 0x00, 0x00, 0x00, 
	0x00, 0x00, 0x00, 0x00, 0x00, 0x00, 0x00, 0x00, 0x00, 0x00, 0x00, 0x00, 0x00, 0x00, 0x00, 0x00, 
	0x00, 0x00, 0x00, 0x00, 0x00, 0x00, 0x00, 0x00, 0x00, 0x00, 0x00, 0x00, 0x01, 0x00, 0x00, 0x00, 
	0x00, 0x00, 0x00, 0x00, 0x00, 0x00, 0x00, 0x00, 0x00, 0x00, 0x00, 0x00, 0x00, 0x00, 0x00, 0x00, 
	0x00, 0x00, 0x00, 0x00, 0x00, 0x00, 0x00, 0x00, 0x00, 0x00, 0x00, 0x00, 0x00, 0x00, 0x01, 0x00, 
	0x00, 0x00, 0x00, 0x00, 0x00, 0x00, 0x00, 0x00, 0x00, 0x00, 0x00, 0x00, 0x01, 0x00, 0x00, 0x00, 
	0x00, 0x00, 0x00, 0x00, 0x00, 0x00, 0x00, 0x01, 0x00, 0x00, 0x01, 0x00, 0x00, 0x00, 0x00, 0x00, 
	0x00, 0x00, 0x00, 0x00, 0x00, 0x80, 0xe0, 0x00, 0x01, 0x00, 0x00, 0x00, 0x00, 0x00, 0x00, 0x00, 
	0x00, 0x00, 0x00, 0x00, 0xe0, 0x00, 0x01, 0x00, 0x00, 0x00, 0x00, 0x00, 0x00, 0x00, 0x00, 0x00, 
	0x00, 0x00, 0xe0, 0x00, 0x01, 0x00, 0x00, 0x00, 0x00, 0x00, 0x00, 0x00, 0x00, 0x00, 0x00, 0x00, 
	0xe0, 0x00, 0x0e, 0x00, 0x00, 0x00, 0x00, 0x00, 0x00, 0x10, 0x00, 0x00, 0x00, 0x01, 0xe0, 0x00, 
	0x1e, 0x00, 0x00, 0x00, 0x00, 0x00, 0x00, 0x18, 0x00, 0x00, 0x00, 0x01, 0xe0, 0x00, 0x3e, 0x00, 
	0x00, 0x00, 0x00, 0x00, 0x00, 0x1c, 0x00, 0x00, 0xfe, 0x01, 0xc0, 0x00, 0x3f, 0x00, 0x00, 0x00, 
	0x00, 0x00, 0x00, 0x1c, 0x00, 0x00, 0xfe, 0x0f, 0x00, 0x00, 0x3f, 0xc0, 0x00, 0x00, 0x00, 0x00, 
	0x00, 0x38, 0x00, 0x00, 0xfe, 0x1f, 0x00, 0x00, 0x3f, 0xe0, 0x00, 0x00, 0x00, 0x00, 0x00, 0xf0, 
	0x00, 0x00, 0xff, 0x7e, 0x00, 0x00, 0x39, 0xe0, 0x00, 0x00, 0x00, 0x00, 0x03, 0xe0, 0x00, 0x00, 
	0xff, 0xf0, 0x00, 0x00, 0x39, 0xe0, 0x00, 0x00, 0x00, 0x00, 0x03, 0xc0, 0x00, 0x00, 0xff, 0xe0, 
	0x00, 0x00, 0x19, 0xe0, 0x00, 0x00, 0x00, 0x00, 0x07, 0x80, 0x00, 0x00, 0xe3, 0x80, 0x00, 0x00, 
	0x00, 0xe0, 0x00, 0x00, 0x00, 0x00, 0x00, 0x00, 0x00, 0x60, 0xe3, 0xc0, 0x00, 0x00, 0x00, 0x00, 
	0x00, 0x00, 0x00, 0x00, 0x00, 0x00, 0x00, 0x00, 0xe3, 0xc0, 0x00, 0x00, 0x00, 0x00, 0x00, 0x00, 
	0x00, 0x00, 0x00, 0x00, 0x00, 0x00, 0xc1, 0xc0, 0x00, 0x00, 0x00, 0x00, 0x00, 0x00, 0x00, 0x00, 
	0x00, 0x00, 0x00, 0x00, 0x00, 0xc0, 0x00, 0x00, 0x00, 0x00, 0x00, 0x00, 0x00, 0x00, 0x00, 0x00, 
	0x00, 0x00, 0x00, 0x40, 0x00, 0x00, 0x00, 0x00, 0x00, 0x00, 0x00, 0x00, 0x00, 0x00, 0x00, 0x00, 
	0x00, 0x00, 0x00, 0x00, 0x00, 0x00, 0x00, 0x00, 0x00, 0x00, 0x00, 0x00, 0x00, 0x00, 0x00, 0x00, 
	0x00, 0x00, 0x00, 0x00, 0x00, 0x00, 0x00, 0x00, 0x00, 0x00, 0x00, 0x00, 0x00, 0x00, 0x00, 0x00, 
	0x00, 0x00, 0x00, 0x00, 0x00, 0x00, 0x00, 0x00, 0x00, 0x00, 0x00, 0x00, 0x00, 0x00, 0x00, 0x00, 
	0x00, 0x00, 0x00, 0x00, 0x00, 0x00, 0x00, 0x00, 0x00, 0x00, 0x00, 0x00, 0x00, 0x00, 0x00, 0x00, 
	0x00, 0x00, 0x00, 0x00, 0x00, 0x00, 0x00, 0x00, 0x00, 0x00, 0x00, 0x00, 0x00, 0x00
};
const unsigned char hippoBitMap110 [] PROGMEM = {
	0x00, 0x00, 0x00, 0x00, 0x00, 0x00, 0x00, 0x00, 0x00, 0x00, 0x00, 0x00, 0x00, 0x00, 0x00, 0x00, 
	0x00, 0x00, 0x00, 0x00, 0x00, 0x00, 0x00, 0x00, 0x00, 0x00, 0x00, 0x00, 0x00, 0x00, 0x00, 0x00, 
	0x00, 0x00, 0x00, 0x00, 0x00, 0x00, 0x00, 0x00, 0x00, 0x00, 0x00, 0x00, 0x00, 0x00, 0x00, 0x00, 
	0x00, 0x00, 0x00, 0x00, 0x00, 0x00, 0x00, 0x00, 0x00, 0x00, 0x00, 0x00, 0x00, 0x3f, 0xff, 0xff, 
	0xc0, 0x00, 0x00, 0x00, 0x00, 0x00, 0x00, 0x00, 0x00, 0x00, 0x03, 0xff, 0xff, 0xff, 0xf8, 0x00, 
	0x00, 0x00, 0x00, 0x00, 0x00, 0x00, 0x00, 0x00, 0x07, 0xff, 0xff, 0xff, 0xfe, 0x00, 0x00, 0x00, 
	0x00, 0x00, 0x00, 0x00, 0x00, 0x00, 0x3f, 0xff, 0xff, 0xff, 0xff, 0xe0, 0x00, 0x00, 0x00, 0x00, 
	0x00, 0x00, 0x00, 0x00, 0x3f, 0xff, 0xff, 0xff, 0xff, 0xf0, 0x00, 0x00, 0x00, 0x00, 0x00, 0x00, 
	0x00, 0x01, 0xff, 0xf7, 0xff, 0xff, 0xff, 0xfc, 0x00, 0x00, 0x00, 0x00, 0x00, 0x00, 0x00, 0x7f, 
	0xff, 0xff, 0xf7, 0xff, 0xff, 0xff, 0xf0, 0x00, 0x00, 0x00, 0x00, 0x00, 0x00, 0xff, 0xff, 0xff, 
	0xf7, 0xff, 0xff, 0xff, 0xf8, 0x00, 0x00, 0x00, 0x00, 0x00, 0x03, 0xff, 0xff, 0xff, 0xf8, 0xff, 
	0xff, 0xff, 0xfc, 0x00, 0x00, 0x00, 0x00, 0x00, 0x07, 0xff, 0xff, 0xff, 0xfc, 0x7f, 0xff, 0xff, 
	0xff, 0x00, 0x00, 0x00, 0x00, 0x00, 0x0f, 0xff, 0xff, 0xff, 0xfe, 0x3f, 0xff, 0xff, 0xff, 0xc0, 
	0x00, 0x00, 0x00, 0x00, 0x1f, 0xff, 0xff, 0xc0, 0xf1, 0x3f, 0xff, 0xff, 0xff, 0xe0, 0x00, 0x00, 
	0x00, 0x00, 0x7f, 0xff, 0xff, 0x80, 0xf1, 0xff, 0xff, 0xff, 0xff, 0xf0, 0x00, 0x00, 0x00, 0x01, 
	0xff, 0xff, 0xff, 0x80, 0xf9, 0xcf, 0xff, 0xff, 0xff, 0xf8, 0x00, 0x00, 0x00, 0x01, 0xe0, 0x01, 
	0xff, 0x00, 0xff, 0xc7, 0xff, 0xff, 0xff, 0xfc, 0x00, 0x00, 0x00, 0x00, 0x80, 0x01, 0xff, 0x00, 
	0xff, 0xc7, 0xff, 0xff, 0xff, 0xfe, 0x00, 0x00, 0x00, 0x00, 0x00, 0x01, 0xfe, 0x00, 0xff, 0x27, 
	0xff, 0xff, 0xff, 0xff, 0x00, 0x00, 0x00, 0x00, 0x00, 0x00, 0xfc, 0x01, 0xff, 0x23, 0xff, 0xff, 
	0xff, 0xff, 0x80, 0x00, 0x00, 0x00, 0x01, 0x80, 0xfc, 0x03, 0xff, 0x21, 0xff, 0xff, 0xff, 0xff, 
	0x80, 0x00, 0x00, 0x00, 0x3f, 0x83, 0xfe, 0x07, 0xf1, 0x00, 0xff, 0xff, 0xff, 0xff, 0x80, 0x00, 
	0x00, 0x1f, 0xff, 0x01, 0xff, 0x03, 0xf0, 0x00, 0xff, 0xff, 0xff, 0xff, 0xc0, 0x00, 0x00, 0x3f, 
	0xfe, 0x00, 0xff, 0x81, 0xe0, 0x00, 0x7f, 0xff, 0xff, 0xff, 0xe0, 0x00, 0x00, 0x7f, 0xfc, 0x00, 
	0x3f, 0xe0, 0x00, 0x00, 0x3f, 0xff, 0xff, 0xff, 0xf0, 0x00, 0x00, 0x7f, 0xfe, 0x00, 0x1f, 0xf0, 
	0x00, 0x00, 0x1f, 0xff, 0xff, 0xff, 0xf8, 0x00, 0x00, 0x73, 0xff, 0x80, 0x0f, 0xf8, 0x00, 0x00, 
	0x1f, 0xff, 0xff, 0xff, 0xf8, 0x00, 0x00, 0x00, 0x07, 0xc0, 0x00, 0x3e, 0x00, 0x00, 0x1f, 0xff, 
	0xff, 0xff, 0xfc, 0x00, 0x00, 0x00, 0x07, 0xe0, 0x00, 0x3e, 0x00, 0x00, 0x0f, 0xff, 0xff, 0xff, 
	0xfc, 0x00, 0x00, 0x80, 0x03, 0xf0, 0x00, 0x36, 0x00, 0x00, 0x07, 0xff, 0xff, 0xff, 0xfc, 0x00, 
	0x01, 0x80, 0x01, 0xf0, 0x00, 0x00, 0x00, 0x00, 0x00, 0xf8, 0x3f, 0xff, 0xfc, 0x00, 0x01, 0x80, 
	0x01, 0xf0, 0x00, 0x01, 0x00, 0x00, 0x00, 0xf8, 0x0f, 0xff, 0xfc, 0x00, 0x01, 0x80, 0x01, 0xf0, 
	0x00, 0x00, 0x00, 0x00, 0x00, 0x00, 0x03, 0xff, 0xff, 0x00, 0x01, 0x80, 0x01, 0xf0, 0x00, 0x00, 
	0x00, 0x00, 0x00, 0x00, 0x00, 0xff, 0xff, 0x00, 0x01, 0x80, 0x01, 0xf0, 0x00, 0x00, 0x00, 0x00, 
	0x00, 0x00, 0x00, 0x3f, 0xff, 0x00, 0x01, 0x80, 0x01, 0xf8, 0x00, 0x00, 0x00, 0x00, 0x00, 0x00, 
	0x00, 0x1f, 0xff, 0x00, 0x01, 0xc0, 0x03, 0xfe, 0x00, 0x00, 0x00, 0x00, 0x00, 0x00, 0x00, 0x0f, 
	0xff, 0x00, 0x03, 0xc0, 0x03, 0xff, 0x80, 0x0e, 0x00, 0x00, 0x00, 0x00, 0x00, 0x07, 0xcf, 0x00, 
	0x03, 0xc0, 0x03, 0xff, 0xe0, 0x1f, 0x00, 0x00, 0x00, 0x00, 0x00, 0x03, 0x87, 0x00, 0x03, 0xc0, 
	0x03, 0xff, 0xf0, 0x3f, 0xf0, 0x00, 0x00, 0x00, 0x00, 0x03, 0x87, 0x00, 0x03, 0x80, 0x03, 0xff, 
	0xf0, 0x3f, 0xf8, 0x00, 0x00, 0x00, 0x00, 0x03, 0x83, 0x00, 0x03, 0x80, 0x03, 0xff, 0xfc, 0x3f, 
	0xfc, 0x00, 0x00, 0x00, 0x00, 0x03, 0x83, 0x00, 0x07, 0x00, 0x03, 0xff, 0xfe, 0x3f, 0xfe, 0x00, 
	0x00, 0x00, 0x00, 0x01, 0x83, 0x00, 0x07, 0x00, 0x07, 0xff, 0xfe, 0x3f, 0xfe, 0x00, 0x00, 0x00, 
	0x00, 0x00, 0x03, 0x00, 0x0e, 0x1c, 0x07, 0xff, 0xfc, 0x1f, 0xfe, 0x00, 0x00, 0x00, 0x00, 0x00, 
	0x03, 0x00, 0x0e, 0x3c, 0x0f, 0xff, 0xfc, 0x0f, 0xfe, 0x00, 0x00, 0x00, 0x00, 0x00, 0x03, 0x00, 
	0x0c, 0x3f, 0x0f, 0xff, 0xff, 0x07, 0xfe, 0x00, 0x00, 0x00, 0x00, 0x00, 0x03, 0x00, 0x00, 0x3f, 
	0x87, 0xff, 0xff, 0x03, 0xfc, 0x00, 0x00, 0x00, 0x00, 0x00, 0x00, 0x00, 0x00, 0x7f, 0xc3, 0xff, 
	0xff, 0x01, 0xf8, 0x00, 0x00, 0x00, 0x00, 0x00, 0x00, 0x00, 0x00, 0x7f, 0xc1, 0xff, 0xff, 0x00, 
	0x00, 0x00, 0x00, 0x00, 0x00, 0x00, 0x00, 0x00, 0x02, 0x7f, 0xc0, 0xff, 0xff, 0x00, 0x00, 0x00, 
	0x00, 0x00, 0x00, 0x00, 0x03, 0x00, 0x08, 0xc3, 0xc0, 0x07, 0xff, 0x80, 0x00, 0x00, 0x00, 0x00, 
	0x00, 0x00, 0x03, 0x00, 0x00, 0x00, 0x00, 0x00, 0x03, 0x80, 0x00, 0x00, 0x00, 0x00, 0x00, 0x00, 
	0x00, 0x00, 0x00, 0x00, 0x00, 0x00, 0x01, 0xc0, 0x00, 0x00, 0x00, 0x00, 0x00, 0x00, 0x00, 0x00, 
	0x00, 0x00, 0x00, 0x00, 0x01, 0xc0, 0x00, 0x00, 0x00, 0x00, 0x00, 0x00, 0x00, 0x00, 0x00, 0x00, 
	0x00, 0x00, 0x01, 0xc0, 0x00, 0x00, 0x00, 0x00, 0x00, 0x00, 0x00, 0x00, 0x10, 0x00, 0x00, 0x00, 
	0x01, 0xc0, 0x00, 0x00, 0x00, 0x00, 0x00, 0x00, 0x00, 0x00, 0x10, 0x00, 0x00, 0x00, 0x01, 0xc0, 
	0x00, 0x00, 0x00, 0x00, 0x00, 0x00, 0x08, 0x00, 0x10, 0x00, 0x00, 0x00, 0x01, 0xc0, 0x00, 0x00, 
	0x00, 0x00, 0x00, 0x00, 0x1c, 0x00, 0x10, 0x00, 0x00, 0x00, 0x01, 0xc0, 0x00, 0x00, 0x00, 0x00, 
	0x00, 0x10, 0x18, 0x00, 0x00, 0x00, 0x00, 0x00, 0x01, 0xc0, 0x00, 0x00, 0x00, 0x00, 0x00, 0x00, 
	0x38, 0x00, 0x00, 0x00, 0x00, 0x00, 0x01, 0xc0, 0x00, 0x00, 0x00, 0x00, 0x00, 0x00, 0x38, 0x00, 
	0x00, 0x00, 0x00, 0x00, 0x00, 0x00, 0x00, 0x00, 0x00, 0x00, 0x00, 0x00, 0x70, 0x00, 0x00, 0x00, 
	0x00, 0x00, 0x00, 0x00, 0x00, 0x00, 0x00, 0x00, 0x00, 0x00, 0x70, 0x00, 0x00, 0x00, 0x00, 0x00, 
	0x00, 0x00, 0x00, 0x00, 0x00, 0x00, 0x00, 0x00, 0x20, 0x00, 0x10, 0x00, 0x00, 0x00, 0x00, 0x00, 
	0x00, 0x00, 0x00, 0x00, 0x00, 0x00, 0x00, 0x00, 0x00, 0x00, 0x00, 0x00, 0x00, 0x00, 0x00, 0x00, 
	0x00, 0x00, 0x00, 0x00, 0x00, 0x00, 0x00, 0x00, 0x00, 0x00, 0x00, 0x00, 0x00, 0x00, 0x00, 0x00, 
	0x00, 0x00, 0x00, 0x00, 0x00, 0x00, 0x00, 0x00, 0x00, 0x00, 0x00, 0x00, 0x00, 0x00, 0x00, 0x00, 
	0x00, 0x00, 0x00, 0x00, 0x00, 0x00, 0x00, 0x00, 0x00, 0x00, 0x00, 0x00, 0x00, 0x00, 0x00, 0x00, 
	0x00, 0x00, 0x00, 0x00, 0x00, 0x00, 0x00, 0x00, 0x00, 0x00, 0x00, 0x00, 0x80, 0x00, 0x00, 0x07, 
	0x00, 0x00, 0x00, 0x00, 0x00, 0x00, 0x00, 0x00, 0x00, 0x00, 0x00, 0x00, 0x00, 0x07, 0x00, 0x00, 
	0x00, 0x00, 0x00, 0x00, 0x00, 0x00, 0x00, 0x00, 0x00, 0x00, 0x00, 0x00, 0x00, 0x00, 0x00, 0x00, 
	0x00, 0x00, 0x00, 0x00, 0x00, 0x00, 0x00, 0x00, 0x00, 0x00, 0x00, 0x00, 0x00, 0x00, 0x00, 0x00, 
	0x00, 0x00, 0x00, 0x00, 0x00, 0x00, 0x00, 0x00, 0x00, 0x00, 0x00, 0x00, 0x00, 0x00, 0x00, 0x00, 
	0x00, 0x00, 0x00, 0x00, 0x00, 0x00, 0x00, 0x00, 0x00, 0x00, 0x00, 0x00, 0x00, 0x00, 0x00, 0x00, 
	0x00, 0x00, 0x00, 0x00, 0x00, 0x00, 0x00, 0x00, 0x00, 0x00, 0x00, 0x00, 0x00, 0x00, 0x00, 0x00, 
	0x00, 0x00, 0x00, 0x00, 0x00, 0x40, 0x00, 0x00, 0x00, 0x00, 0x00, 0x00, 0x00, 0x00, 0x00, 0x00, 
	0x00, 0x00, 0x00, 0x00, 0x00, 0x00, 0x00, 0x00, 0x00, 0x00, 0x00, 0x00, 0x00, 0x00, 0x00, 0x00, 
	0x00, 0x00, 0x00, 0x00, 0x00, 0x00, 0x00, 0x10, 0x00, 0x00, 0x00, 0x00, 0x00, 0x00, 0x00, 0x00, 
	0x00, 0x00, 0x20, 0x00, 0x00, 0x18, 0x00, 0x00, 0x00, 0x00, 0x00, 0x00, 0x00, 0x00, 0x00, 0x00, 
	0x08, 0x00, 0x00, 0x18, 0x00, 0x00, 0x00, 0x00, 0x00, 0x00, 0x00, 0x00, 0x00, 0x20, 0x1e, 0x00, 
	0x00, 0x18, 0x00, 0x00, 0x00, 0x00, 0x00, 0x00, 0x00, 0x00, 0x00, 0x00, 0x1e, 0x00, 0x00, 0x18, 
	0x00, 0x00, 0x00, 0x00, 0x00, 0x00, 0x00, 0x00, 0x00, 0x00, 0x1e, 0x00, 0x00, 0x10, 0x00, 0x00, 
	0x00, 0x00, 0x00, 0x00, 0x00, 0x00, 0x00, 0x00, 0x1e, 0x00, 0x00, 0xe0, 0x00, 0x00, 0x00, 0x00, 
	0x00, 0x08, 0x00, 0x00, 0x00, 0x00, 0x3c, 0x00, 0x01, 0xe0, 0x00, 0x00, 0x00, 0x00, 0x00, 0x0c, 
	0x00, 0x00, 0x00, 0x00, 0x3c, 0x00, 0x03, 0xf0, 0x00, 0x00, 0x00, 0x00, 0x00, 0x0e, 0x00, 0x00, 
	0x3f, 0xc0, 0x38, 0x00, 0x03, 0xf8, 0x00, 0x00, 0x00, 0x00, 0x00, 0x0e, 0x00, 0x00, 0x3f, 0xc0, 
	0xf0, 0x00, 0x03, 0xfc, 0x00, 0x00, 0x00, 0x00, 0x00, 0x1e, 0x00, 0x00, 0x3f, 0xc3, 0xe0, 0x00, 
	0x03, 0xfe, 0x00, 0x00, 0x00, 0x00, 0x00, 0x7c, 0x00, 0x00, 0x3f, 0xcf, 0xc0, 0x00, 0x03, 0x9f, 
	0x00, 0x00, 0x00, 0x00, 0x00, 0xf8, 0x00, 0x00, 0x3f, 0xff, 0x00, 0x00, 0x03, 0x9f, 0x00, 0x00, 
	0x00, 0x00, 0x01, 0xf0, 0x00, 0x00, 0x3f, 0xfc, 0x00, 0x00, 0x01, 0x9f, 0x00, 0x00, 0x00, 0x00, 
	0x03, 0xe0, 0x00, 0x00, 0x38, 0xf0, 0x00, 0x00, 0x00, 0x0f, 0x00, 0x00, 0x00, 0x00, 0x03, 0x80, 
	0x00, 0x00, 0x38, 0xf0, 0x00, 0x00, 0x00, 0x02, 0x00, 0x00, 0x00, 0x00, 0x00, 0x00, 0x00, 0x38, 
	0x38, 0x78, 0x00, 0x00, 0x00, 0x00, 0x00, 0x00, 0x00, 0x00, 0x00, 0x00, 0x00, 0x00, 0x38, 0x78, 
	0x00, 0x00, 0x00, 0x00, 0x00, 0x00, 0x00, 0x00, 0x00, 0x00, 0x00, 0x00, 0x18, 0x38, 0x00, 0x00, 
	0x00, 0x00, 0x00, 0x00, 0x00, 0x00, 0x00, 0x00, 0x00, 0x00, 0x00, 0x18, 0x00, 0x00, 0x00, 0x00, 
	0x00, 0x00, 0x00, 0x00, 0x00, 0x00, 0x00, 0x00, 0x00, 0x00, 0x00, 0x00, 0x00, 0x00, 0x00, 0x00, 
	0x00, 0x00, 0x00, 0x00, 0x00, 0x00, 0x00, 0x00, 0x00, 0x00, 0x00, 0x00, 0x00, 0x00, 0x00, 0x00, 
	0x00, 0x00, 0x00, 0x00, 0x00, 0x00, 0x00, 0x00, 0x00, 0x00, 0x00, 0x00, 0x00, 0x00, 0x00, 0x00, 
	0x00, 0x00, 0x00, 0x00, 0x00, 0x00, 0x00, 0x00, 0x00, 0x00, 0x00, 0x00, 0x00, 0x00, 0x00, 0x00, 
	0x00, 0x00, 0x00, 0x00, 0x00, 0x00, 0x00, 0x00, 0x00, 0x00, 0x00, 0x00, 0x00, 0x00, 0x00, 0x00, 
	0x00, 0x00, 0x00, 0x00, 0x00, 0x00, 0x00, 0x00, 0x00, 0x00, 0x00, 0x00, 0x00, 0x00, 0x00, 0x00, 
	0x00, 0x00, 0x00, 0x00
};
const unsigned char hippoBitMapInv60 [] PROGMEM = {
	0x00, 0x00, 0x00, 0x00, 0x00, 0x00, 0x00, 0x00, 0x00, 0x00, 0x00, 0x00, 0x00, 0x00, 0x00, 0x00, 
	0x00, 0x00, 0x00, 0xff, 0xf8, 0x00, 0x00, 0x00, 0x00, 0x00, 0x07, 0xff, 0xff, 0x00, 0x00, 0x00, 
	0x00, 0x00, 0x1f, 0xff, 0xff, 0xc0, 0x00, 0x00, 0x00, 0x00, 0x7f, 0xff, 0xff, 0xf0, 0x00, 0x00, 
	0x00, 0x07, 0xff, 0xfd, 0xff, 0xff, 0x00, 0x00, 0x00, 0x1f, 0xff, 0xf9, 0xff, 0xff, 0x80, 0x00, 
	0x00, 0x3f, 0xff, 0xf4, 0xc7, 0xff, 0xc0, 0x00, 0x00, 0x7f, 0xff, 0xfd, 0xc3, 0xff, 0xf0, 0x00, 
	0x00, 0xff, 0xff, 0xef, 0xc3, 0xe0, 0x30, 0x00, 0x00, 0xff, 0xff, 0xc7, 0xc1, 0xe0, 0x00, 0x00, 
	0x01, 0xff, 0xff, 0x86, 0xe1, 0xe1, 0xc0, 0x00, 0x03, 0xff, 0xff, 0x80, 0xe3, 0xe1, 0xfc, 0x00, 
	0x07, 0xff, 0xff, 0x00, 0x0f, 0x80, 0xfe, 0x00, 0x07, 0xff, 0xfe, 0x00, 0x1f, 0x81, 0xfa, 0x00, 
	0x0f, 0xff, 0xfe, 0x00, 0x18, 0x03, 0x00, 0x00, 0x0f, 0xff, 0xfc, 0x00, 0x00, 0x07, 0x01, 0x00, 
	0x0f, 0xf8, 0x00, 0x00, 0x00, 0x06, 0x01, 0x00, 0x1f, 0xe0, 0x00, 0x00, 0x00, 0x06, 0x01, 0x00, 
	0x1f, 0xc0, 0x00, 0x00, 0x00, 0x0f, 0x01, 0x00, 0x19, 0xc0, 0x00, 0x00, 0x10, 0x3f, 0x03, 0x80, 
	0x19, 0x80, 0x00, 0x00, 0xb8, 0x7f, 0x03, 0x80, 0x11, 0x80, 0x00, 0x01, 0xf8, 0xff, 0x01, 0x80, 
	0x10, 0x00, 0x00, 0x03, 0xf9, 0xff, 0x00, 0x80, 0x10, 0x00, 0x00, 0x03, 0xf9, 0xff, 0x84, 0xc0, 
	0x10, 0x00, 0x00, 0x03, 0xe3, 0xff, 0x9c, 0x40, 0x00, 0x00, 0x00, 0x01, 0xe3, 0xff, 0x3e, 0x00, 
	0x00, 0x00, 0x00, 0x00, 0x03, 0xfe, 0x3e, 0x00, 0x00, 0x00, 0x00, 0x00, 0x03, 0xf0, 0x31, 0x00, 
	0x00, 0x00, 0x00, 0x00, 0x06, 0x00, 0x00, 0x00, 0x00, 0x00, 0x00, 0x00, 0x06, 0x00, 0x00, 0x00, 
	0x04, 0x00, 0x00, 0x00, 0x06, 0x00, 0x00, 0x20, 0x04, 0x00, 0x00, 0x00, 0x06, 0x00, 0x00, 0x20, 
	0x06, 0x00, 0x00, 0x00, 0x06, 0x00, 0x00, 0x00, 0x06, 0x00, 0x00, 0x00, 0x00, 0x00, 0x00, 0x00, 
	0x00, 0x00, 0x00, 0x00, 0x00, 0x00, 0x00, 0x00, 0x00, 0x00, 0x00, 0x00, 0x00, 0x00, 0x00, 0x00, 
	0x00, 0x00, 0x00, 0x00, 0x00, 0x00, 0x00, 0x00, 0x01, 0x00, 0x00, 0x00, 0x00, 0x00, 0x00, 0x00, 
	0x00, 0x00, 0x00, 0x00, 0x00, 0x00, 0x18, 0x00, 0x00, 0x00, 0x00, 0x00, 0x00, 0x00, 0x00, 0x00, 
	0x00, 0x00, 0x00, 0x00, 0x00, 0x00, 0x00, 0x00, 0x00, 0x00, 0x00, 0x00, 0x00, 0x00, 0x00, 0x00, 
	0x00, 0x00, 0x00, 0x00, 0x00, 0x00, 0x00, 0x00, 0x00, 0x00, 0x00, 0x00, 0x00, 0x00, 0x00, 0x00, 
	0x00, 0x00, 0x02, 0x00, 0x00, 0x00, 0x00, 0x00, 0x00, 0x00, 0x02, 0x00, 0x00, 0x00, 0x00, 0x00, 
	0x00, 0x30, 0x03, 0x00, 0x00, 0x00, 0x00, 0x00, 0x00, 0x38, 0x03, 0x00, 0x00, 0x08, 0x00, 0x00, 
	0x00, 0x78, 0x01, 0x8f, 0x80, 0x18, 0x00, 0x00, 0x00, 0xe8, 0x00, 0xef, 0x80, 0x0c, 0x00, 0x00, 
	0x00, 0xc8, 0x00, 0x3f, 0x80, 0x06, 0x00, 0x00, 0x00, 0x80, 0x00, 0x09, 0x80, 0x03, 0x00, 0x00, 
	0x00, 0x00, 0x00, 0x19, 0x88, 0x00, 0x00, 0x00, 0x00, 0x00, 0x00, 0x10, 0x00, 0x00, 0x00, 0x00, 
	0x00, 0x00, 0x00, 0x00, 0x00, 0x00, 0x00, 0x00, 0x00, 0x00, 0x00, 0x00, 0x00, 0x00, 0x00, 0x00, 
	0x00, 0x00, 0x00, 0x00, 0x00, 0x00, 0x00, 0x00, 0x00, 0x00, 0x00, 0x00, 0x00, 0x00, 0x00, 0x00
};
const unsigned char hippoBitMapInv61 [] PROGMEM = {
	0x00, 0x00, 0x00, 0x00, 0x00, 0x00, 0x00, 0x00, 0x00, 0x00, 0x00, 0x00, 0x00, 0x00, 0x00, 0x00, 
	0x00, 0x00, 0x00, 0x7f, 0xfc, 0x00, 0x00, 0x00, 0x00, 0x00, 0x03, 0xff, 0xff, 0x00, 0x00, 0x00, 
	0x00, 0x00, 0x1f, 0xff, 0xff, 0xc0, 0x00, 0x00, 0x00, 0x00, 0x7f, 0xff, 0xff, 0xf0, 0x00, 0x00, 
	0x00, 0x03, 0xff, 0xfd, 0xff, 0xff, 0x80, 0x00, 0x00, 0x0f, 0xff, 0xf9, 0xff, 0xff, 0xc0, 0x00, 
	0x00, 0x1f, 0xff, 0xfa, 0xc3, 0xff, 0xe0, 0x00, 0x00, 0x3f, 0xff, 0xf6, 0xc1, 0xff, 0xf8, 0x00, 
	0x00, 0x7f, 0xff, 0xe7, 0xc1, 0xf0, 0x10, 0x00, 0x00, 0xff, 0xff, 0xeb, 0xc0, 0xf0, 0x00, 0x00, 
	0x01, 0xff, 0xff, 0xcb, 0xe0, 0xe1, 0x80, 0x00, 0x01, 0xff, 0xff, 0x80, 0xe1, 0xf0, 0xfe, 0x00, 
	0x03, 0xff, 0xff, 0x80, 0x07, 0xc0, 0x7f, 0x00, 0x07, 0xff, 0xff, 0x00, 0x0f, 0x80, 0xff, 0x00, 
	0x0f, 0xff, 0xff, 0x00, 0x1c, 0x03, 0x80, 0x00, 0x0f, 0xff, 0xfe, 0x00, 0x14, 0x03, 0x80, 0x80, 
	0x0f, 0xfe, 0x18, 0x00, 0x00, 0x03, 0x00, 0x80, 0x0f, 0xf8, 0x00, 0x00, 0x00, 0x03, 0x00, 0x80, 
	0x0f, 0xe0, 0x00, 0x00, 0x00, 0x07, 0x00, 0x80, 0x0d, 0xc0, 0x00, 0x00, 0x10, 0x0f, 0x80, 0x80, 
	0x09, 0x80, 0x00, 0x00, 0x3c, 0x7f, 0x81, 0xc0, 0x01, 0x80, 0x00, 0x00, 0xfc, 0x7f, 0x80, 0xc0, 
	0x01, 0x80, 0x00, 0x01, 0xfc, 0xff, 0x80, 0xc0, 0x00, 0x00, 0x00, 0x01, 0xfc, 0xff, 0x82, 0x60, 
	0x00, 0x00, 0x00, 0x01, 0xf8, 0xff, 0xc6, 0x60, 0x00, 0x00, 0x00, 0x01, 0xf1, 0xff, 0xdf, 0x00, 
	0x00, 0x00, 0x00, 0x00, 0x01, 0xff, 0x9f, 0x00, 0x00, 0x00, 0x00, 0x00, 0x01, 0xf8, 0x1d, 0x80, 
	0x00, 0x00, 0x00, 0x00, 0x02, 0x00, 0x00, 0x00, 0x00, 0x00, 0x00, 0x00, 0x02, 0x00, 0x00, 0x00, 
	0x00, 0x00, 0x00, 0x00, 0x02, 0x00, 0x00, 0x10, 0x04, 0x00, 0x00, 0x00, 0x02, 0x00, 0x00, 0x10, 
	0x06, 0x00, 0x00, 0x00, 0x02, 0x00, 0x00, 0x00, 0x06, 0x00, 0x00, 0x00, 0x00, 0x00, 0x00, 0x00, 
	0x02, 0x00, 0x00, 0x00, 0x00, 0x00, 0x00, 0x00, 0x00, 0x00, 0x00, 0x00, 0x00, 0x00, 0x00, 0x10, 
	0x00, 0x00, 0x00, 0x00, 0x00, 0x00, 0x00, 0x00, 0x00, 0x00, 0x00, 0x00, 0x00, 0x00, 0x00, 0x00, 
	0x01, 0x00, 0x00, 0x00, 0x00, 0x00, 0x00, 0x00, 0x00, 0x00, 0x00, 0x00, 0x00, 0x00, 0x00, 0x00, 
	0x00, 0x00, 0x00, 0x00, 0x00, 0x00, 0x00, 0x00, 0x00, 0x00, 0x00, 0x00, 0x00, 0x00, 0x00, 0x00, 
	0x00, 0x00, 0x00, 0x00, 0x02, 0x00, 0x00, 0x00, 0x00, 0x00, 0x00, 0x00, 0x00, 0x00, 0x00, 0x00, 
	0x00, 0x20, 0x00, 0x00, 0x00, 0x00, 0x00, 0x00, 0x00, 0x20, 0x03, 0x08, 0x00, 0x00, 0x00, 0x00, 
	0x00, 0x20, 0x03, 0x00, 0x00, 0x00, 0x00, 0x00, 0x00, 0x18, 0x03, 0x00, 0x00, 0x00, 0x00, 0x00, 
	0x00, 0x38, 0x01, 0x87, 0x80, 0x0c, 0x00, 0x00, 0x00, 0x78, 0x00, 0xc7, 0x80, 0x0c, 0x00, 0x00, 
	0x00, 0xe8, 0x00, 0x77, 0x80, 0x06, 0x00, 0x00, 0x00, 0xc8, 0x00, 0x3f, 0x80, 0x03, 0x00, 0x00, 
	0x00, 0xc0, 0x00, 0x0c, 0x80, 0x01, 0x80, 0x00, 0x00, 0x00, 0x00, 0x18, 0x80, 0x00, 0x00, 0x00, 
	0x00, 0x00, 0x00, 0x10, 0x00, 0x00, 0x00, 0x00, 0x00, 0x00, 0x00, 0x00, 0x00, 0x00, 0x00, 0x00, 
	0x00, 0x00, 0x00, 0x00, 0x00, 0x00, 0x00, 0x00, 0x00, 0x00, 0x00, 0x00, 0x00, 0x00, 0x00, 0x00, 
	0x00, 0x00, 0x00, 0x00, 0x00, 0x00, 0x00, 0x00
};
const unsigned char hippoBitMapInv62 [] PROGMEM = {
	0x00, 0x00, 0x00, 0x00, 0x00, 0x00, 0x00, 0x00, 0x00, 0x00, 0x00, 0x00, 0x00, 0x00, 0x00, 0x00, 
	0x00, 0x00, 0x00, 0x7f, 0xfc, 0x00, 0x00, 0x00, 0x00, 0x00, 0x03, 0xff, 0xff, 0x80, 0x00, 0x00, 
	0x00, 0x00, 0x1f, 0xff, 0xff, 0xe0, 0x00, 0x00, 0x00, 0x00, 0x3f, 0xff, 0xff, 0xf8, 0x00, 0x00, 
	0x00, 0x03, 0xff, 0xff, 0x7f, 0xff, 0x80, 0x00, 0x00, 0x0f, 0xff, 0xfc, 0xff, 0xff, 0xc0, 0x00, 
	0x00, 0x1f, 0xff, 0xf8, 0xe3, 0xff, 0xe0, 0x00, 0x00, 0x3f, 0xff, 0xfe, 0xe1, 0xff, 0xf8, 0x00, 
	0x00, 0x7f, 0xff, 0xf7, 0xe1, 0xf8, 0x18, 0x00, 0x00, 0xff, 0xff, 0xf3, 0xe0, 0xf0, 0x00, 0x00, 
	0x01, 0xff, 0xff, 0xe3, 0xf0, 0x70, 0x80, 0x00, 0x01, 0xff, 0xff, 0xc0, 0x70, 0xf8, 0xf0, 0x00, 
	0x03, 0xff, 0xff, 0xc0, 0x61, 0xf0, 0x7f, 0x00, 0x07, 0xff, 0xff, 0x80, 0x07, 0xc0, 0x7f, 0x80, 
	0x07, 0xff, 0xff, 0x00, 0x0e, 0x00, 0xc0, 0x00, 0x0f, 0xff, 0xfe, 0x00, 0x0c, 0x01, 0xc0, 0x40, 
	0x0f, 0xfe, 0x1c, 0x00, 0x00, 0x03, 0x80, 0x40, 0x0f, 0xf8, 0x00, 0x00, 0x00, 0x03, 0x80, 0x40, 
	0x0f, 0xf0, 0x00, 0x00, 0x00, 0x03, 0x80, 0x40, 0x0f, 0xe0, 0x00, 0x00, 0x00, 0x07, 0x80, 0x40, 
	0x09, 0xc0, 0x00, 0x00, 0x1c, 0x1f, 0xc0, 0xe0, 0x09, 0x80, 0x00, 0x00, 0x7c, 0x3f, 0xc0, 0x60, 
	0x01, 0x80, 0x00, 0x01, 0xfc, 0x7f, 0xc0, 0x60, 0x00, 0x00, 0x00, 0x01, 0xfc, 0xff, 0xc0, 0x20, 
	0x00, 0x00, 0x00, 0x01, 0xfc, 0x7f, 0xe3, 0x30, 0x00, 0x00, 0x00, 0x01, 0xf9, 0xff, 0xe7, 0x10, 
	0x00, 0x00, 0x00, 0x00, 0xf1, 0xff, 0xcf, 0x80, 0x00, 0x00, 0x00, 0x00, 0x01, 0xff, 0x8f, 0xa0, 
	0x00, 0x00, 0x00, 0x00, 0x01, 0xf8, 0x0c, 0xc0, 0x00, 0x00, 0x00, 0x00, 0x03, 0x00, 0x00, 0x00, 
	0x00, 0x00, 0x00, 0x00, 0x03, 0x00, 0x00, 0x00, 0x04, 0x00, 0x00, 0x00, 0x03, 0x00, 0x00, 0x08, 
	0x04, 0x20, 0x00, 0x00, 0x03, 0x00, 0x00, 0x08, 0x06, 0x00, 0x00, 0x00, 0x03, 0x00, 0x00, 0x00, 
	0x02, 0x00, 0x00, 0x00, 0x00, 0x00, 0x00, 0x00, 0x02, 0x00, 0x00, 0x00, 0x00, 0x00, 0x00, 0x00, 
	0x00, 0x00, 0x00, 0x00, 0x00, 0x00, 0x00, 0x00, 0x00, 0x00, 0x00, 0x00, 0x00, 0x00, 0x00, 0x00, 
	0x00, 0x00, 0x00, 0x00, 0x00, 0x00, 0x00, 0x00, 0x00, 0x00, 0x00, 0x00, 0x00, 0x00, 0x06, 0x00, 
	0x00, 0x00, 0x00, 0x00, 0x00, 0x00, 0x00, 0x00, 0x00, 0x00, 0x00, 0x00, 0x00, 0x00, 0x00, 0x00, 
	0x00, 0x00, 0x00, 0x00, 0x00, 0x00, 0x00, 0x00, 0x00, 0x00, 0x00, 0x00, 0x00, 0x00, 0x00, 0x00, 
	0x00, 0x20, 0x00, 0x00, 0x00, 0x00, 0x00, 0x00, 0x00, 0x20, 0x00, 0x80, 0x00, 0x00, 0x00, 0x00, 
	0x00, 0x20, 0x03, 0x00, 0x00, 0x00, 0x00, 0x00, 0x00, 0x10, 0x03, 0x00, 0x00, 0x00, 0x00, 0x00, 
	0x00, 0x18, 0x03, 0x80, 0x00, 0x00, 0x00, 0x00, 0x00, 0x38, 0x01, 0x87, 0xc0, 0x04, 0x00, 0x00, 
	0x00, 0x78, 0x00, 0xe7, 0xc0, 0x04, 0x00, 0x00, 0x00, 0xe8, 0x00, 0x7f, 0xc0, 0x03, 0x00, 0x00, 
	0x00, 0xe8, 0x00, 0x1f, 0xc0, 0x01, 0x80, 0x00, 0x00, 0x00, 0x00, 0x0c, 0xc0, 0x00, 0xc0, 0x00, 
	0x00, 0x00, 0x00, 0x0c, 0xc0, 0x00, 0x00, 0x00, 0x00, 0x00, 0x00, 0x08, 0x00, 0x00, 0x00, 0x00, 
	0x00, 0x00, 0x00, 0x00, 0x00, 0x00, 0x00, 0x00, 0x00, 0x00, 0x00, 0x00, 0x00, 0x00, 0x00, 0x00, 
	0x00, 0x00, 0x00, 0x00, 0x00, 0x00, 0x00, 0x00, 0x00, 0x00, 0x00, 0x00, 0x00, 0x00, 0x00, 0x00
};
const unsigned char hippoBitMapInv63 [] PROGMEM = {
	0x00, 0x00, 0x00, 0x00, 0x00, 0x00, 0x00, 0x00, 0x00, 0x00, 0x00, 0x00, 0x00, 0x00, 0x00, 0x00, 
	0x00, 0x00, 0x00, 0x7f, 0xfe, 0x00, 0x00, 0x00, 0x00, 0x00, 0x01, 0xff, 0xff, 0xc0, 0x00, 0x00, 
	0x00, 0x00, 0x0f, 0xff, 0xff, 0xf0, 0x00, 0x00, 0x00, 0x00, 0x3f, 0xff, 0xfb, 0xf8, 0x00, 0x00, 
	0x00, 0x03, 0xff, 0xff, 0xff, 0xff, 0x80, 0x00, 0x00, 0x07, 0xff, 0xfe, 0xff, 0xff, 0xe0, 0x00, 
	0x00, 0x1f, 0xff, 0xfc, 0xff, 0xff, 0xf0, 0x00, 0x00, 0x3f, 0xff, 0xff, 0x61, 0xff, 0xfc, 0x00, 
	0x00, 0x7f, 0xff, 0xf2, 0xe0, 0xfc, 0x0c, 0x00, 0x00, 0xff, 0xff, 0xf5, 0xe0, 0x78, 0x00, 0x00, 
	0x01, 0xff, 0xff, 0xe5, 0xf0, 0x78, 0x40, 0x00, 0x01, 0xff, 0xff, 0xc1, 0x78, 0x7c, 0x78, 0x00, 
	0x03, 0xff, 0xff, 0xc0, 0x30, 0xf8, 0x3f, 0x80, 0x07, 0xff, 0xff, 0x80, 0x03, 0xe0, 0x3f, 0xc0, 
	0x07, 0xff, 0xff, 0x00, 0x07, 0xc0, 0x7e, 0xc0, 0x07, 0xff, 0xff, 0x00, 0x0e, 0x00, 0xe0, 0x00, 
	0x07, 0xff, 0xfe, 0x00, 0x08, 0x01, 0xc0, 0x20, 0x0f, 0xfc, 0x00, 0x00, 0x00, 0x01, 0xc0, 0x20, 
	0x0f, 0xf0, 0x00, 0x00, 0x00, 0x01, 0xc0, 0x20, 0x0f, 0xe0, 0x00, 0x00, 0x00, 0x03, 0xc0, 0x20, 
	0x0d, 0xc0, 0x00, 0x00, 0x0c, 0x0f, 0xe0, 0x70, 0x09, 0x80, 0x00, 0x00, 0x7e, 0x1f, 0xe0, 0x70, 
	0x09, 0x80, 0x00, 0x00, 0xfe, 0x3f, 0xe0, 0x30, 0x01, 0x80, 0x00, 0x00, 0xfe, 0x7f, 0xe0, 0x30, 
	0x00, 0x00, 0x00, 0x00, 0xfe, 0x7f, 0xe1, 0x18, 0x00, 0x00, 0x00, 0x00, 0xfc, 0x7f, 0xf1, 0x98, 
	0x00, 0x00, 0x00, 0x00, 0xf8, 0xff, 0xe7, 0xc0, 0x00, 0x00, 0x00, 0x00, 0x00, 0xff, 0xcf, 0xc0, 
	0x00, 0x00, 0x00, 0x00, 0x00, 0xfc, 0x06, 0x60, 0x00, 0x00, 0x00, 0x00, 0x01, 0x80, 0x00, 0x00, 
	0x00, 0x00, 0x00, 0x00, 0x01, 0x80, 0x00, 0x00, 0x00, 0x00, 0x00, 0x00, 0x01, 0x80, 0x00, 0x04, 
	0x04, 0x00, 0x00, 0x00, 0x01, 0x80, 0x00, 0x04, 0x06, 0x20, 0x00, 0x00, 0x01, 0x80, 0x00, 0x00, 
	0x06, 0x00, 0x00, 0x00, 0x01, 0x00, 0x00, 0x00, 0x02, 0x00, 0x00, 0x00, 0x00, 0x00, 0x00, 0x00, 
	0x00, 0x00, 0x00, 0x00, 0x00, 0x00, 0x00, 0x00, 0x00, 0x00, 0x00, 0x00, 0x00, 0x00, 0x00, 0x00, 
	0x00, 0x00, 0x00, 0x00, 0x00, 0x00, 0x00, 0x00, 0x01, 0x00, 0x00, 0x00, 0x00, 0x00, 0x00, 0x00, 
	0x00, 0x00, 0x00, 0x00, 0x00, 0x00, 0x03, 0x00, 0x00, 0x00, 0x00, 0x00, 0x00, 0x00, 0x00, 0x00, 
	0x00, 0x00, 0x00, 0x00, 0x00, 0x00, 0x00, 0x00, 0x00, 0x00, 0x00, 0x00, 0x00, 0x00, 0x00, 0x00, 
	0x00, 0x00, 0x00, 0x00, 0x00, 0x00, 0x00, 0x00, 0x00, 0x20, 0x00, 0x00, 0x00, 0x00, 0x00, 0x00, 
	0x00, 0x20, 0x01, 0x00, 0x00, 0x00, 0x00, 0x00, 0x00, 0x20, 0x01, 0x00, 0x00, 0x00, 0x00, 0x00, 
	0x00, 0x18, 0x01, 0x80, 0x00, 0x00, 0x00, 0x00, 0x00, 0x18, 0x01, 0x80, 0x00, 0x02, 0x00, 0x00, 
	0x00, 0x3c, 0x00, 0x83, 0xc0, 0x06, 0x00, 0x00, 0x00, 0x7c, 0x00, 0x63, 0xc0, 0x06, 0x00, 0x00, 
	0x00, 0xec, 0x00, 0x3f, 0xc0, 0x03, 0x80, 0x00, 0x00, 0xe8, 0x00, 0x0f, 0xc0, 0x01, 0xc0, 0x00, 
	0x00, 0x00, 0x00, 0x06, 0x40, 0x00, 0x40, 0x00, 0x00, 0x00, 0x00, 0x0c, 0x40, 0x00, 0x00, 0x00, 
	0x00, 0x00, 0x00, 0x08, 0x00, 0x00, 0x00, 0x00, 0x00, 0x00, 0x00, 0x00, 0x00, 0x00, 0x00, 0x00, 
	0x00, 0x00, 0x00, 0x00, 0x00, 0x00, 0x00, 0x00, 0x00, 0x00, 0x00, 0x00, 0x00, 0x00, 0x00, 0x00, 
	0x00, 0x00, 0x00, 0x00, 0x00, 0x00, 0x00, 0x00
};
const unsigned char hippoBitMapInv64 [] PROGMEM = {
	0x00, 0x00, 0x00, 0x00, 0x00, 0x00, 0x00, 0x00, 0x00, 0x00, 0x00, 0x00, 0x00, 0x00, 0x00, 0x00, 
	0x00, 0x00, 0x00, 0x3f, 0xfe, 0x00, 0x00, 0x00, 0x00, 0x00, 0x01, 0xff, 0xff, 0xc0, 0x00, 0x00, 
	0x00, 0x00, 0x0f, 0xff, 0xff, 0xf0, 0x00, 0x00, 0x00, 0x00, 0x3f, 0xff, 0xff, 0xfc, 0x00, 0x00, 
	0x00, 0x01, 0xff, 0xff, 0xbf, 0xff, 0xc0, 0x00, 0x00, 0x03, 0xff, 0xfe, 0x7f, 0xff, 0xf0, 0x00, 
	0x00, 0x0f, 0xff, 0xfc, 0xff, 0xff, 0xf8, 0x00, 0x00, 0x1f, 0xff, 0xfd, 0x30, 0xff, 0xfc, 0x00, 
	0x00, 0x3f, 0xff, 0xfb, 0xf0, 0xfe, 0x06, 0x00, 0x00, 0x7f, 0xff, 0xf9, 0xf0, 0x7c, 0x00, 0x00, 
	0x00, 0xff, 0xff, 0xf5, 0xf8, 0x3c, 0x00, 0x00, 0x01, 0xff, 0xff, 0xe1, 0x3c, 0x3e, 0x38, 0x00, 
	0x01, 0xff, 0xff, 0xe0, 0x38, 0x7c, 0x3f, 0xc0, 0x03, 0xff, 0xff, 0xc0, 0x01, 0xf0, 0x1f, 0xe0, 
	0x07, 0xff, 0xff, 0x80, 0x03, 0xe0, 0x3f, 0x60, 0x07, 0xff, 0xff, 0x80, 0x07, 0x00, 0x70, 0x00, 
	0x07, 0xff, 0xff, 0x00, 0x05, 0x00, 0xe0, 0x10, 0x0f, 0xfe, 0x1c, 0x00, 0x08, 0x00, 0xe0, 0x10, 
	0x0f, 0xfc, 0x00, 0x00, 0x00, 0x00, 0xe0, 0x10, 0x0f, 0xf0, 0x00, 0x00, 0x00, 0x01, 0xe0, 0x10, 
	0x0d, 0xe0, 0x00, 0x00, 0x04, 0x03, 0xe0, 0x30, 0x0d, 0xc0, 0x00, 0x00, 0x0e, 0x0f, 0xf0, 0x38, 
	0x09, 0x80, 0x00, 0x00, 0x7f, 0x1f, 0xf0, 0x18, 0x09, 0x80, 0x00, 0x00, 0xff, 0x3f, 0xf0, 0x18, 
	0x08, 0x00, 0x00, 0x00, 0xfe, 0x7f, 0xf0, 0x8c, 0x08, 0x00, 0x00, 0x00, 0xfe, 0x3f, 0xf0, 0xcc, 
	0x08, 0x00, 0x00, 0x00, 0xfc, 0x7f, 0xf3, 0xc4, 0x00, 0x00, 0x00, 0x00, 0x78, 0xff, 0xe7, 0xe0, 
	0x08, 0x00, 0x00, 0x00, 0x00, 0xff, 0xc7, 0xe8, 0x00, 0x00, 0x00, 0x00, 0x00, 0xfe, 0x03, 0x20, 
	0x00, 0x00, 0x00, 0x00, 0x00, 0x80, 0x00, 0x00, 0x00, 0x00, 0x00, 0x00, 0x00, 0x80, 0x00, 0x00, 
	0x04, 0x00, 0x00, 0x00, 0x00, 0x80, 0x00, 0x02, 0x04, 0x20, 0x00, 0x00, 0x00, 0x80, 0x00, 0x02, 
	0x02, 0x00, 0x00, 0x00, 0x00, 0x80, 0x00, 0x00, 0x02, 0x00, 0x00, 0x00, 0x00, 0x00, 0x00, 0x00, 
	0x02, 0x00, 0x00, 0x00, 0x00, 0x00, 0x00, 0x00, 0x00, 0x00, 0x00, 0x00, 0x00, 0x00, 0x00, 0x00, 
	0x00, 0x00, 0x00, 0x00, 0x00, 0x00, 0x00, 0x00, 0x00, 0x00, 0x00, 0x00, 0x00, 0x00, 0x00, 0x00, 
	0x00, 0x00, 0x00, 0x00, 0x00, 0x00, 0x00, 0x00, 0x00, 0x00, 0x00, 0x00, 0x00, 0x00, 0x01, 0x00, 
	0x00, 0x00, 0x00, 0x00, 0x00, 0x00, 0x00, 0x00, 0x00, 0x00, 0x00, 0x00, 0x00, 0x00, 0x00, 0x00, 
	0x00, 0x00, 0x00, 0x00, 0x00, 0x00, 0x00, 0x00, 0x00, 0x20, 0x00, 0x00, 0x00, 0x00, 0x00, 0x00, 
	0x00, 0x20, 0x00, 0x00, 0x00, 0x00, 0x00, 0x00, 0x00, 0x20, 0x01, 0x80, 0x00, 0x00, 0x00, 0x00, 
	0x00, 0x20, 0x01, 0x80, 0x00, 0x00, 0x00, 0x00, 0x00, 0x18, 0x01, 0x80, 0x00, 0x00, 0x00, 0x00, 
	0x00, 0x1c, 0x01, 0xc0, 0x00, 0x01, 0x00, 0x00, 0x00, 0x3c, 0x00, 0xc3, 0xe0, 0x03, 0x00, 0x00, 
	0x00, 0x7c, 0x00, 0x73, 0xe0, 0x03, 0x00, 0x00, 0x00, 0xec, 0x00, 0x3f, 0xe0, 0x01, 0xc0, 0x00, 
	0x00, 0xe0, 0x00, 0x0f, 0xe0, 0x00, 0xe0, 0x00, 0x00, 0x00, 0x00, 0x06, 0x62, 0x00, 0x00, 0x00, 
	0x00, 0x00, 0x00, 0x06, 0x60, 0x00, 0x00, 0x00, 0x00, 0x00, 0x00, 0x04, 0x00, 0x00, 0x00, 0x00, 
	0x00, 0x00, 0x00, 0x00, 0x00, 0x00, 0x00, 0x00, 0x00, 0x00, 0x00, 0x00, 0x00, 0x00, 0x00, 0x00, 
	0x00, 0x00, 0x00, 0x00, 0x00, 0x00, 0x00, 0x00, 0x00, 0x00, 0x00, 0x00, 0x00, 0x00, 0x00, 0x00
};
const unsigned char hippoBitMapInv65 [] PROGMEM = {
	0x00, 0x00, 0x00, 0x00, 0x00, 0x00, 0x00, 0x00, 0x00, 0x00, 0x00, 0x00, 0x00, 0x00, 0x00, 0x00, 
	0x00, 0x00, 0x00, 0x00, 0x00, 0x3f, 0xff, 0x00, 0x00, 0x00, 0x00, 0x00, 0x00, 0x01, 0xff, 0xff, 
	0xe0, 0x00, 0x00, 0x00, 0x00, 0x00, 0x07, 0xff, 0xff, 0xf8, 0x00, 0x00, 0x00, 0x00, 0x00, 0x1f, 
	0xff, 0xfd, 0xfe, 0x00, 0x00, 0x00, 0x00, 0x01, 0xff, 0xff, 0xff, 0xff, 0xe0, 0x00, 0x00, 0x00, 
	0x03, 0xff, 0xff, 0x7f, 0xff, 0xf0, 0x00, 0x00, 0x00, 0x0f, 0xff, 0xfe, 0x7f, 0xff, 0xf8, 0x00, 
	0x00, 0x00, 0x1f, 0xff, 0xff, 0xb0, 0xff, 0xfc, 0x00, 0x00, 0x00, 0x3f, 0xff, 0xfd, 0xf0, 0x7f, 
	0xff, 0x00, 0x00, 0x00, 0x7f, 0xff, 0xf9, 0xf0, 0x7e, 0x01, 0x00, 0x00, 0x00, 0xff, 0xff, 0xfa, 
	0xf8, 0x3c, 0x00, 0x00, 0x00, 0x01, 0xff, 0xff, 0xf0, 0xbc, 0x3e, 0x3c, 0x00, 0x00, 0x01, 0xff, 
	0xff, 0xe0, 0x1c, 0x7e, 0x1f, 0xc0, 0x00, 0x03, 0xff, 0xff, 0xc0, 0x00, 0xf8, 0x0f, 0xe0, 0x00, 
	0x03, 0xff, 0xff, 0x80, 0x03, 0xf0, 0x1f, 0xf0, 0x00, 0x07, 0xff, 0xff, 0x80, 0x07, 0x00, 0x30, 
	0x00, 0x00, 0x07, 0xff, 0xff, 0x00, 0x05, 0x00, 0x70, 0x08, 0x00, 0x07, 0xff, 0x0e, 0x00, 0x00, 
	0x00, 0x70, 0x08, 0x00, 0x0f, 0xfc, 0x00, 0x00, 0x00, 0x00, 0x60, 0x08, 0x00, 0x0f, 0xf0, 0x00, 
	0x00, 0x00, 0x00, 0xe0, 0x08, 0x00, 0x0f, 0xe0, 0x00, 0x00, 0x00, 0x00, 0xf0, 0x08, 0x00, 0x0d, 
	0xc0, 0x00, 0x00, 0x07, 0x03, 0xf0, 0x1c, 0x00, 0x09, 0x80, 0x00, 0x00, 0x3f, 0x0f, 0xf0, 0x1c, 
	0x00, 0x09, 0x80, 0x00, 0x00, 0x7f, 0x1f, 0xf0, 0x0c, 0x00, 0x08, 0x80, 0x00, 0x00, 0x7f, 0x3f, 
	0xf0, 0x0c, 0x00, 0x08, 0x00, 0x00, 0x00, 0x7f, 0x3f, 0xf8, 0x46, 0x00, 0x08, 0x00, 0x00, 0x00, 
	0x7e, 0x7f, 0xf9, 0xe6, 0x00, 0x00, 0x00, 0x00, 0x00, 0x7c, 0x7f, 0xfb, 0xf0, 0x00, 0x00, 0x00, 
	0x00, 0x00, 0x00, 0x7f, 0xf3, 0xf0, 0x00, 0x08, 0x00, 0x00, 0x00, 0x00, 0x7f, 0x03, 0x98, 0x00, 
	0x00, 0x00, 0x00, 0x00, 0x00, 0xc0, 0x00, 0x00, 0x00, 0x00, 0x00, 0x00, 0x00, 0x00, 0xc0, 0x00, 
	0x00, 0x00, 0x00, 0x00, 0x00, 0x00, 0x00, 0xc0, 0x00, 0x00, 0x00, 0x06, 0x00, 0x00, 0x00, 0x00, 
	0xc0, 0x00, 0x01, 0x00, 0x02, 0x00, 0x00, 0x00, 0x00, 0xc0, 0x00, 0x00, 0x00, 0x02, 0x00, 0x00, 
	0x00, 0x00, 0xc0, 0x00, 0x00, 0x00, 0x03, 0x00, 0x00, 0x00, 0x00, 0x00, 0x00, 0x00, 0x00, 0x00, 
	0x00, 0x00, 0x00, 0x00, 0x00, 0x00, 0x00, 0x00, 0x00, 0x00, 0x00, 0x00, 0x00, 0x00, 0x00, 0x00, 
	0x00, 0x00, 0x00, 0x00, 0x00, 0x00, 0x00, 0x00, 0x00, 0x00, 0x00, 0x00, 0x00, 0x00, 0x00, 0x00, 
	0x00, 0x00, 0x00, 0x00, 0x00, 0x00, 0x00, 0x00, 0x00, 0x01, 0xc0, 0x00, 0x00, 0x00, 0x00, 0x00, 
	0x00, 0x00, 0x08, 0x00, 0x00, 0x00, 0x00, 0x00, 0x00, 0x00, 0x00, 0x00, 0x00, 0x00, 0x00, 0x00, 
	0x00, 0x00, 0x00, 0x00, 0x00, 0x00, 0x00, 0x00, 0x00, 0x00, 0x00, 0x00, 0x80, 0x00, 0x00, 0x00, 
	0x00, 0x00, 0x00, 0x00, 0x00, 0x00, 0x00, 0x00, 0x00, 0x00, 0x20, 0x00, 0x40, 0x00, 0x00, 0x00, 
	0x00, 0x00, 0x00, 0x20, 0x01, 0x82, 0x00, 0x00, 0x00, 0x00, 0x00, 0x00, 0x00, 0x01, 0x80, 0x00, 
	0x00, 0x00, 0x00, 0x00, 0x00, 0x18, 0x01, 0xc0, 0x00, 0x00, 0x00, 0x00, 0x00, 0x00, 0x1c, 0x00, 
	0xc0, 0x00, 0x01, 0x80, 0x00, 0x00, 0x00, 0x3c, 0x00, 0x61, 0xf0, 0x01, 0x80, 0x00, 0x00, 0x00, 
	0x7c, 0x00, 0x39, 0xf0, 0x01, 0xc0, 0x00, 0x00, 0x00, 0xe4, 0x00, 0x1f, 0xf0, 0x00, 0xe0, 0x00, 
	0x00, 0x00, 0xe0, 0x00, 0x07, 0x70, 0x00, 0x70, 0x00, 0x00, 0x00, 0x00, 0x00, 0x07, 0x33, 0x00, 
	0x00, 0x00, 0x00, 0x00, 0x00, 0x00, 0x06, 0x20, 0x00, 0x00, 0x00, 0x00, 0x00, 0x00, 0x00, 0x04, 
	0x00, 0x00, 0x00, 0x00, 0x00, 0x00, 0x00, 0x00, 0x00, 0x00, 0x00, 0x00, 0x00, 0x00, 0x00, 0x00, 
	0x00, 0x00, 0x00, 0x00, 0x00, 0x00, 0x00, 0x00, 0x00, 0x00, 0x00, 0x00, 0x00, 0x00, 0x00, 0x00, 
	0x00, 0x00, 0x00, 0x00, 0x00, 0x00, 0x00, 0x00, 0x00
};
const unsigned char hippoBitMapInv70 [] PROGMEM = {
	0x00, 0x00, 0x00, 0x00, 0x00, 0x00, 0x00, 0x00, 0x00, 0x00, 0x00, 0x00, 0x00, 0x00, 0x00, 0x00, 
	0x00, 0x00, 0x00, 0x00, 0x00, 0x07, 0xff, 0xe0, 0x00, 0x00, 0x00, 0x00, 0x00, 0x00, 0x3f, 0xff, 
	0xfc, 0x00, 0x00, 0x00, 0x00, 0x00, 0x01, 0xff, 0xff, 0xff, 0x00, 0x00, 0x00, 0x00, 0x00, 0x07, 
	0xff, 0xff, 0xff, 0xc0, 0x00, 0x00, 0x00, 0x00, 0xff, 0xff, 0xff, 0xff, 0xfc, 0x00, 0x00, 0x00, 
	0x01, 0xff, 0xff, 0xef, 0xff, 0xff, 0x00, 0x00, 0x00, 0x03, 0xff, 0xff, 0xcf, 0xff, 0xff, 0x80, 
	0x00, 0x00, 0x07, 0xff, 0xff, 0x9f, 0xff, 0xff, 0xc0, 0x00, 0x00, 0x0f, 0xff, 0xff, 0xe6, 0x0f, 
	0xff, 0xe0, 0x00, 0x00, 0x1f, 0xff, 0xff, 0x7e, 0x0f, 0xe0, 0x30, 0x00, 0x00, 0x3f, 0xff, 0xfe, 
	0x7e, 0x07, 0xc0, 0x00, 0x00, 0x00, 0x7f, 0xff, 0xfe, 0xbf, 0x03, 0xc0, 0x00, 0x00, 0x00, 0xff, 
	0xff, 0xfc, 0x3f, 0x83, 0xc3, 0xc0, 0x00, 0x01, 0xff, 0xff, 0xf8, 0x07, 0x87, 0xe1, 0xfe, 0x00, 
	0x01, 0xff, 0xff, 0xf8, 0x02, 0x1f, 0xc0, 0xff, 0x00, 0x03, 0xff, 0xff, 0xf0, 0x00, 0x3f, 0x01, 
	0xff, 0x00, 0x03, 0xff, 0xff, 0xe0, 0x00, 0x7e, 0x03, 0xf9, 0x00, 0x07, 0xff, 0xff, 0xe0, 0x00, 
	0xe0, 0x07, 0x00, 0x00, 0x07, 0xff, 0xff, 0x80, 0x00, 0x80, 0x0f, 0x00, 0x80, 0x07, 0xff, 0x83, 
	0x00, 0x00, 0x00, 0x0e, 0x00, 0x80, 0x0f, 0xfc, 0x00, 0x00, 0x00, 0x00, 0x0e, 0x00, 0x80, 0x0f, 
	0xf8, 0x00, 0x00, 0x00, 0x00, 0x0e, 0x00, 0x80, 0x0f, 0xf0, 0x00, 0x00, 0x00, 0x00, 0x3f, 0x00, 
	0xc0, 0x0c, 0xe0, 0x00, 0x00, 0x00, 0xe0, 0x7f, 0x01, 0xc0, 0x0c, 0xc0, 0x00, 0x00, 0x07, 0xe1, 
	0xff, 0x00, 0xc0, 0x08, 0xc0, 0x00, 0x00, 0x0f, 0xe1, 0xff, 0x00, 0xc0, 0x08, 0xc0, 0x00, 0x00, 
	0x1f, 0xe7, 0xff, 0x00, 0x60, 0x08, 0x00, 0x00, 0x00, 0x1f, 0xe3, 0xff, 0x86, 0x60, 0x08, 0x00, 
	0x00, 0x00, 0x1f, 0xc3, 0xff, 0x86, 0x20, 0x00, 0x00, 0x00, 0x00, 0x0f, 0x8f, 0xff, 0x9f, 0x00, 
	0x00, 0x00, 0x00, 0x00, 0x07, 0x0f, 0xff, 0x3f, 0x00, 0x08, 0x00, 0x00, 0x00, 0x00, 0x0f, 0xfe, 
	0x3f, 0xc0, 0x08, 0x00, 0x00, 0x00, 0x00, 0x0f, 0xe0, 0x18, 0x80, 0x00, 0x00, 0x00, 0x00, 0x00, 
	0x18, 0x00, 0x00, 0x00, 0x00, 0x00, 0x00, 0x00, 0x00, 0x18, 0x00, 0x00, 0x00, 0x00, 0x00, 0x00, 
	0x00, 0x00, 0x18, 0x00, 0x00, 0x10, 0x06, 0x00, 0x00, 0x00, 0x00, 0x18, 0x00, 0x00, 0x10, 0x02, 
	0x00, 0x00, 0x00, 0x00, 0x18, 0x00, 0x00, 0x00, 0x03, 0x00, 0x00, 0x00, 0x00, 0x08, 0x00, 0x00, 
	0x00, 0x03, 0x00, 0x00, 0x00, 0x00, 0x00, 0x00, 0x00, 0x00, 0x01, 0x00, 0x00, 0x00, 0x00, 0x00, 
	0x00, 0x00, 0x00, 0x00, 0x00, 0x00, 0x00, 0x00, 0x00, 0x00, 0x00, 0x00, 0x00, 0x00, 0x00, 0x00, 
	0x00, 0x00, 0x00, 0x00, 0x00, 0x00, 0x00, 0x00, 0x00, 0x00, 0x00, 0x00, 0x00, 0x00, 0x00, 0x80, 
	0x00, 0x00, 0x00, 0x00, 0x00, 0x00, 0x00, 0x00, 0x00, 0x00, 0x00, 0x00, 0x00, 0x00, 0x0c, 0x00, 
	0x00, 0x00, 0x00, 0x00, 0x00, 0x00, 0x00, 0x00, 0x00, 0x00, 0x00, 0x00, 0x00, 0x00, 0x00, 0x00, 
	0x00, 0x00, 0x00, 0x00, 0x00, 0x00, 0x00, 0x00, 0x00, 0x00, 0x00, 0x00, 0x00, 0x00, 0x00, 0x00, 
	0x00, 0x00, 0x00, 0x00, 0x00, 0x10, 0x00, 0x00, 0x00, 0x00, 0x00, 0x00, 0x00, 0x00, 0x10, 0x00, 
	0x10, 0x00, 0x00, 0x00, 0x00, 0x00, 0x00, 0x10, 0x00, 0x60, 0x80, 0x00, 0x00, 0x00, 0x00, 0x00, 
	0x10, 0x00, 0x60, 0x00, 0x00, 0x00, 0x00, 0x00, 0x00, 0x0c, 0x00, 0x70, 0x00, 0x00, 0x00, 0x00, 
	0x00, 0x00, 0x0e, 0x00, 0x70, 0x00, 0x00, 0x10, 0x00, 0x00, 0x00, 0x1e, 0x00, 0x30, 0x7c, 0x00, 
	0x30, 0x00, 0x00, 0x00, 0x3e, 0x00, 0x1e, 0x7c, 0x00, 0x18, 0x00, 0x00, 0x00, 0x72, 0x00, 0x0f, 
	0x7c, 0x00, 0x0e, 0x00, 0x00, 0x00, 0x76, 0x00, 0x03, 0xfc, 0x00, 0x0f, 0x00, 0x00, 0x00, 0x60, 
	0x00, 0x00, 0xcc, 0x00, 0x07, 0x00, 0x00, 0x00, 0x00, 0x00, 0x01, 0xcc, 0x20, 0x00, 0x00, 0x00, 
	0x00, 0x00, 0x00, 0x01, 0x8c, 0x00, 0x00, 0x00, 0x00, 0x00, 0x00, 0x00, 0x01, 0x00, 0x00, 0x00, 
	0x00, 0x00, 0x00, 0x00, 0x00, 0x00, 0x00, 0x00, 0x00, 0x00, 0x00, 0x00, 0x00, 0x00, 0x00, 0x00, 
	0x00, 0x00, 0x00, 0x00, 0x00, 0x00, 0x00, 0x00, 0x00, 0x00, 0x00, 0x00, 0x00, 0x00, 0x00, 0x00, 
	0x00, 0x00, 0x00, 0x00, 0x00, 0x00
};
const unsigned char hippoBitMapInv75 [] PROGMEM = {
	0x00, 0x00, 0x00, 0x00, 0x00, 0x00, 0x00, 0x00, 0x00, 0x00, 0x00, 0x00, 0x00, 0x00, 0x00, 0x00, 
	0x00, 0x00, 0x00, 0x00, 0x00, 0x00, 0x00, 0x00, 0x00, 0x00, 0x00, 0x00, 0x00, 0x00, 0x00, 0x00, 
	0x00, 0x03, 0xff, 0xfe, 0x00, 0x00, 0x00, 0x00, 0x00, 0x00, 0x00, 0x1f, 0xff, 0xff, 0xc0, 0x00, 
	0x00, 0x00, 0x00, 0x00, 0x01, 0xff, 0xff, 0xff, 0xf0, 0x00, 0x00, 0x00, 0x00, 0x00, 0x07, 0xff, 
	0xff, 0xf7, 0xfc, 0x00, 0x00, 0x00, 0x00, 0x00, 0x7f, 0xff, 0xfe, 0xff, 0xff, 0xc0, 0x00, 0x00, 
	0x00, 0x00, 0xff, 0xff, 0xf9, 0xff, 0xff, 0xf0, 0x00, 0x00, 0x00, 0x03, 0xff, 0xff, 0xf3, 0xff, 
	0xff, 0xf8, 0x00, 0x00, 0x00, 0x07, 0xff, 0xff, 0xf4, 0xc3, 0xff, 0xfc, 0x00, 0x00, 0x00, 0x0f, 
	0xff, 0xff, 0xfd, 0xc1, 0xff, 0xff, 0x00, 0x00, 0x00, 0x1f, 0xff, 0xff, 0xcb, 0xc1, 0xfc, 0x03, 
	0x80, 0x00, 0x00, 0x3f, 0xff, 0xff, 0x8f, 0xc0, 0xfc, 0x00, 0x00, 0x00, 0x00, 0x7f, 0xff, 0xff, 
	0x97, 0xe0, 0x78, 0x00, 0x00, 0x00, 0x00, 0x7f, 0xff, 0xff, 0x07, 0xf0, 0x7c, 0x30, 0x00, 0x00, 
	0x00, 0xff, 0xff, 0xfe, 0x00, 0xf0, 0xfc, 0x1e, 0x00, 0x00, 0x01, 0xff, 0xff, 0xfe, 0x00, 0xe1, 
	0xf8, 0x0f, 0xf0, 0x00, 0x01, 0xff, 0xff, 0xfc, 0x00, 0x07, 0xf0, 0x0f, 0xf8, 0x00, 0x03, 0xff, 
	0xff, 0xf8, 0x00, 0x0f, 0xe0, 0x3f, 0xd8, 0x00, 0x07, 0xff, 0xff, 0xf8, 0x00, 0x1c, 0x00, 0x70, 
	0x00, 0x00, 0x07, 0xff, 0xff, 0xf0, 0x00, 0x14, 0x00, 0xf0, 0x04, 0x00, 0x07, 0xff, 0xc1, 0xc0, 
	0x00, 0x00, 0x00, 0xe0, 0x04, 0x00, 0x0f, 0xff, 0x00, 0x00, 0x00, 0x00, 0x00, 0xe0, 0x04, 0x00, 
	0x0f, 0xfc, 0x00, 0x00, 0x00, 0x00, 0x00, 0xe0, 0x04, 0x00, 0x0f, 0xf8, 0x00, 0x00, 0x00, 0x00, 
	0x01, 0xe0, 0x04, 0x00, 0x0e, 0xf0, 0x00, 0x00, 0x00, 0x18, 0x07, 0xf0, 0x0e, 0x00, 0x0c, 0x60, 
	0x00, 0x00, 0x00, 0x3c, 0x1f, 0xf0, 0x0e, 0x00, 0x0c, 0x60, 0x00, 0x00, 0x01, 0xfc, 0x1f, 0xf0, 
	0x0e, 0x00, 0x08, 0x60, 0x00, 0x00, 0x03, 0xfc, 0x3f, 0xf0, 0x06, 0x00, 0x08, 0x40, 0x00, 0x00, 
	0x03, 0xfc, 0xff, 0xf0, 0x07, 0x00, 0x08, 0x00, 0x00, 0x00, 0x03, 0xfc, 0x7f, 0xf8, 0x23, 0x00, 
	0x08, 0x00, 0x00, 0x00, 0x03, 0xf8, 0x7f, 0xf8, 0x33, 0x00, 0x08, 0x00, 0x00, 0x00, 0x03, 0xf1, 
	0xff, 0xf9, 0xf0, 0x00, 0x00, 0x00, 0x00, 0x00, 0x01, 0xe1, 0xff, 0xf1, 0xf8, 0x00, 0x08, 0x00, 
	0x00, 0x00, 0x00, 0x01, 0xff, 0xe1, 0xf8, 0x00, 0x08, 0x00, 0x00, 0x00, 0x00, 0x01, 0xfe, 0x01, 
	0xcd, 0x00, 0x00, 0x00, 0x00, 0x00, 0x00, 0x03, 0x80, 0x00, 0x00, 0x00, 0x00, 0x00, 0x00, 0x00, 
	0x00, 0x03, 0x00, 0x00, 0x00, 0x00, 0x00, 0x00, 0x00, 0x00, 0x00, 0x03, 0x00, 0x00, 0x00, 0x00, 
	0x02, 0x00, 0x00, 0x00, 0x00, 0x03, 0x00, 0x00, 0x00, 0x80, 0x03, 0x08, 0x00, 0x00, 0x00, 0x03, 
	0x00, 0x00, 0x00, 0x80, 0x03, 0x00, 0x00, 0x00, 0x00, 0x03, 0x00, 0x00, 0x00, 0x00, 0x03, 0x80, 
	0x00, 0x00, 0x00, 0x01, 0x00, 0x00, 0x00, 0x00, 0x01, 0x80, 0x00, 0x00, 0x00, 0x00, 0x00, 0x00, 
	0x00, 0x00, 0x00, 0x00, 0x00, 0x00, 0x00, 0x00, 0x00, 0x00, 0x00, 0x00, 0x00, 0x00, 0x00, 0x00, 
	0x00, 0x00, 0x00, 0x00, 0x00, 0x00, 0x00, 0x00, 0x00, 0x00, 0x00, 0x00, 0x00, 0x00, 0x00, 0x00, 
	0x00, 0x00, 0x00, 0x00, 0x00, 0x00, 0x00, 0x00, 0x00, 0x00, 0x00, 0x40, 0x00, 0x00, 0x00, 0x00, 
	0x00, 0x00, 0x00, 0x00, 0x00, 0x00, 0x00, 0x00, 0x00, 0x00, 0x00, 0x00, 0xe0, 0x00, 0x00, 0x00, 
	0x00, 0x00, 0x00, 0x00, 0x00, 0x00, 0x00, 0x00, 0x00, 0x00, 0x00, 0x00, 0x00, 0x00, 0x00, 0x00, 
	0x00, 0x00, 0x00, 0x00, 0x00, 0x00, 0x00, 0x00, 0x00, 0x00, 0x00, 0x00, 0x00, 0x00, 0x00, 0x00, 
	0x00, 0x00, 0x00, 0x00, 0x00, 0x00, 0x00, 0x08, 0x00, 0x00, 0x00, 0x00, 0x00, 0x00, 0x00, 0x00, 
	0x00, 0x08, 0x00, 0x00, 0x00, 0x00, 0x00, 0x00, 0x00, 0x00, 0x00, 0x08, 0x00, 0x04, 0x00, 0x00, 
	0x00, 0x00, 0x00, 0x00, 0x00, 0x08, 0x00, 0x18, 0x00, 0x00, 0x00, 0x00, 0x00, 0x00, 0x00, 0x08, 
	0x00, 0x18, 0x00, 0x00, 0x00, 0x00, 0x00, 0x00, 0x00, 0x06, 0x00, 0x18, 0x00, 0x00, 0x00, 0x00, 
	0x00, 0x00, 0x00, 0x07, 0x00, 0x1c, 0x00, 0x00, 0x01, 0x00, 0x00, 0x00, 0x00, 0x0f, 0x00, 0x0c, 
	0x0f, 0x80, 0x03, 0x00, 0x00, 0x00, 0x00, 0x1f, 0x00, 0x07, 0x0f, 0x80, 0x03, 0x00, 0x00, 0x00, 
	0x00, 0x39, 0x00, 0x03, 0xdf, 0x80, 0x01, 0xc0, 0x00, 0x00, 0x00, 0x3b, 0x00, 0x00, 0xff, 0x80, 
	0x00, 0xe0, 0x00, 0x00, 0x00, 0x30, 0x00, 0x00, 0x39, 0x80, 0x00, 0x70, 0x00, 0x00, 0x00, 0x00, 
	0x00, 0x00, 0x39, 0x8c, 0x00, 0x00, 0x00, 0x00, 0x00, 0x00, 0x00, 0x00, 0x71, 0x80, 0x00, 0x00, 
	0x00, 0x00, 0x00, 0x00, 0x00, 0x00, 0x60, 0x00, 0x00, 0x00, 0x00, 0x00, 0x00, 0x00, 0x00, 0x00, 
	0x00, 0x00, 0x00, 0x00, 0x00, 0x00, 0x00, 0x00, 0x00, 0x00, 0x00, 0x00, 0x00, 0x00, 0x00, 0x00, 
	0x00, 0x00, 0x00, 0x00, 0x00, 0x00, 0x00, 0x00, 0x00, 0x00, 0x00, 0x00, 0x00, 0x00, 0x00, 0x00, 
	0x00, 0x00, 0x00, 0x00, 0x00, 0x00, 0x00, 0x00, 0x00, 0x00, 0x00, 0x00, 0x00, 0x00
};
const unsigned char hippoBitMapInv80 [] PROGMEM = {
	0x00, 0x00, 0x00, 0x00, 0x00, 0x00, 0x00, 0x00, 0x00, 0x00, 0x00, 0x00, 0x00, 0x00, 0x00, 0x00, 
	0x00, 0x00, 0x00, 0x00, 0x00, 0x00, 0x00, 0x00, 0x00, 0x00, 0x00, 0x00, 0x00, 0x00, 0x00, 0x00, 
	0x00, 0x00, 0xff, 0xff, 0xc0, 0x00, 0x00, 0x00, 0x00, 0x00, 0x00, 0x07, 0xff, 0xff, 0xf8, 0x00, 
	0x00, 0x00, 0x00, 0x00, 0x00, 0x3f, 0xff, 0xff, 0xfe, 0x00, 0x00, 0x00, 0x00, 0x00, 0x01, 0xff, 
	0xff, 0xff, 0xff, 0x80, 0x00, 0x00, 0x00, 0x00, 0x1f, 0xff, 0xff, 0xff, 0xff, 0xf8, 0x00, 0x00, 
	0x00, 0x00, 0x3f, 0xff, 0xff, 0xff, 0xff, 0xfe, 0x00, 0x00, 0x00, 0x00, 0x7f, 0xff, 0xfe, 0x7f, 
	0xff, 0xff, 0x80, 0x00, 0x00, 0x01, 0xff, 0xff, 0xfc, 0xff, 0xff, 0xff, 0xc0, 0x00, 0x00, 0x03, 
	0xff, 0xff, 0xfd, 0x38, 0x3f, 0xff, 0xe0, 0x00, 0x00, 0x07, 0xff, 0xff, 0xfb, 0x78, 0x1f, 0xff, 
	0xf8, 0x00, 0x00, 0x0f, 0xff, 0xff, 0xf3, 0xf8, 0x1f, 0xc0, 0x38, 0x00, 0x00, 0x1f, 0xff, 0xff, 
	0xf5, 0xf8, 0x1f, 0x80, 0x00, 0x00, 0x00, 0x3f, 0xff, 0xff, 0xe5, 0xfc, 0x0f, 0x80, 0x00, 0x00, 
	0x00, 0x7f, 0xff, 0xff, 0xc1, 0xfc, 0x0f, 0x83, 0x00, 0x00, 0x00, 0x7f, 0xff, 0xff, 0x80, 0x3e, 
	0x1f, 0xc3, 0xe0, 0x00, 0x00, 0xff, 0xff, 0xff, 0x80, 0x1c, 0x3f, 0x81, 0xff, 0x80, 0x01, 0xff, 
	0xff, 0xff, 0x00, 0x00, 0xfe, 0x00, 0xff, 0xc0, 0x01, 0xff, 0xff, 0xfe, 0x00, 0x01, 0xfc, 0x03, 
	0xfd, 0xc0, 0x03, 0xff, 0xff, 0xfe, 0x00, 0x03, 0xc0, 0x07, 0x80, 0x00, 0x03, 0xff, 0xff, 0xfc, 
	0x00, 0x03, 0x80, 0x0f, 0x00, 0x00, 0x03, 0xff, 0xff, 0xf8, 0x00, 0x00, 0x00, 0x0f, 0x00, 0x20, 
	0x07, 0xff, 0xe0, 0x60, 0x00, 0x04, 0x00, 0x0e, 0x00, 0x20, 0x07, 0xff, 0x80, 0x00, 0x00, 0x00, 
	0x00, 0x0e, 0x00, 0x20, 0x07, 0xfe, 0x00, 0x00, 0x00, 0x00, 0x00, 0x0e, 0x00, 0x20, 0x07, 0xfc, 
	0x00, 0x00, 0x00, 0x00, 0x00, 0x1e, 0x00, 0x60, 0x06, 0x78, 0x00, 0x00, 0x00, 0x03, 0x00, 0xff, 
	0x00, 0x70, 0x06, 0x70, 0x00, 0x00, 0x00, 0x07, 0x83, 0xff, 0x00, 0xf0, 0x04, 0x70, 0x00, 0x00, 
	0x00, 0x3f, 0x83, 0xff, 0x00, 0x70, 0x04, 0x70, 0x00, 0x00, 0x00, 0x7f, 0x87, 0xff, 0x00, 0x30, 
	0x04, 0x20, 0x00, 0x00, 0x00, 0xff, 0x8f, 0xff, 0x00, 0x30, 0x04, 0x00, 0x00, 0x00, 0x00, 0xff, 
	0x8f, 0xff, 0x83, 0x18, 0x04, 0x00, 0x00, 0x00, 0x00, 0xff, 0x07, 0xff, 0xc3, 0x18, 0x04, 0x00, 
	0x00, 0x00, 0x00, 0xfe, 0x1f, 0xff, 0xcf, 0x88, 0x00, 0x00, 0x00, 0x00, 0x00, 0x7c, 0x1f, 0xff, 
	0x9f, 0x80, 0x00, 0x00, 0x00, 0x00, 0x00, 0x00, 0x1f, 0xff, 0x1f, 0xc0, 0x04, 0x00, 0x00, 0x00, 
	0x00, 0x00, 0x1f, 0xe0, 0x1f, 0xe0, 0x00, 0x00, 0x00, 0x00, 0x00, 0x00, 0x3f, 0xc0, 0x1c, 0x40, 
	0x00, 0x00, 0x00, 0x00, 0x00, 0x00, 0x70, 0x00, 0x00, 0x00, 0x00, 0x00, 0x00, 0x00, 0x00, 0x00, 
	0x70, 0x00, 0x00, 0x00, 0x00, 0x00, 0x00, 0x00, 0x00, 0x00, 0x70, 0x00, 0x00, 0x04, 0x03, 0x00, 
	0x00, 0x00, 0x00, 0x00, 0x70, 0x00, 0x00, 0x04, 0x01, 0x04, 0x00, 0x00, 0x00, 0x00, 0x70, 0x00, 
	0x00, 0x04, 0x01, 0x80, 0x00, 0x00, 0x00, 0x00, 0x70, 0x00, 0x00, 0x00, 0x01, 0x80, 0x00, 0x00, 
	0x00, 0x00, 0x00, 0x00, 0x00, 0x00, 0x01, 0x80, 0x00, 0x00, 0x00, 0x00, 0x00, 0x00, 0x00, 0x00, 
	0x00, 0x80, 0x00, 0x00, 0x00, 0x00, 0x00, 0x00, 0x00, 0x00, 0x00, 0x00, 0x00, 0x00, 0x00, 0x00, 
	0x00, 0x00, 0x00, 0x04, 0x00, 0x00, 0x00, 0x00, 0x00, 0x00, 0x00, 0x00, 0x00, 0x00, 0x00, 0x00, 
	0x00, 0x00, 0x00, 0x00, 0x00, 0x00, 0x00, 0x00, 0x00, 0x00, 0x00, 0x00, 0x00, 0x00, 0x00, 0x00, 
	0x00, 0x00, 0x00, 0x00, 0x00, 0x00, 0x00, 0x00, 0x00, 0x00, 0x0e, 0x00, 0x00, 0x00, 0x00, 0x00, 
	0x00, 0x00, 0x00, 0x00, 0x00, 0x00, 0x00, 0x00, 0x00, 0x00, 0x00, 0x00, 0x00, 0x00, 0x00, 0x00, 
	0x00, 0x00, 0x00, 0x00, 0x00, 0x00, 0x00, 0x00, 0x00, 0x00, 0x00, 0x00, 0x00, 0x00, 0x00, 0x00, 
	0x00, 0x00, 0x00, 0x00, 0x00, 0x00, 0x00, 0x00, 0x00, 0x00, 0x20, 0x00, 0x00, 0x00, 0x00, 0x04, 
	0x00, 0x00, 0x00, 0x00, 0x00, 0x00, 0x00, 0x00, 0x00, 0x04, 0x00, 0x00, 0x00, 0x00, 0x00, 0x00, 
	0x00, 0x00, 0x00, 0x04, 0x00, 0x06, 0x00, 0x00, 0x00, 0x00, 0x00, 0x00, 0x00, 0x04, 0x00, 0x06, 
	0x00, 0x00, 0x00, 0x00, 0x00, 0x00, 0x00, 0x04, 0x00, 0x06, 0x00, 0x00, 0x00, 0x00, 0x00, 0x00, 
	0x00, 0x03, 0x00, 0x06, 0x00, 0x00, 0x00, 0x00, 0x00, 0x00, 0x00, 0x03, 0x80, 0x07, 0x00, 0x00, 
	0x00, 0x10, 0x00, 0x00, 0x00, 0x07, 0x80, 0x03, 0x03, 0xf0, 0x00, 0x30, 0x00, 0x00, 0x00, 0x0f, 
	0x80, 0x01, 0xc3, 0xf0, 0x00, 0x70, 0x00, 0x00, 0x00, 0x1c, 0x80, 0x00, 0xfb, 0xf0, 0x00, 0x3c, 
	0x00, 0x00, 0x00, 0x3c, 0x80, 0x00, 0x3f, 0xf0, 0x00, 0x1e, 0x00, 0x00, 0x00, 0x3c, 0x80, 0x00, 
	0x1f, 0xf0, 0x00, 0x0f, 0x00, 0x00, 0x00, 0x10, 0x00, 0x00, 0x06, 0x70, 0x00, 0x07, 0x00, 0x00, 
	0x00, 0x00, 0x00, 0x00, 0x0e, 0x71, 0x80, 0x00, 0x00, 0x00, 0x00, 0x00, 0x00, 0x00, 0x0c, 0x30, 
	0x00, 0x00, 0x00, 0x00, 0x00, 0x00, 0x00, 0x00, 0x08, 0x00, 0x00, 0x00, 0x00, 0x00, 0x00, 0x00, 
	0x00, 0x00, 0x00, 0x00, 0x00, 0x00, 0x00, 0x00, 0x00, 0x00, 0x00, 0x00, 0x00, 0x00, 0x00, 0x00, 
	0x00, 0x00, 0x00, 0x00, 0x00, 0x00, 0x00, 0x00, 0x00, 0x00, 0x00, 0x00, 0x00, 0x00, 0x00, 0x00, 
	0x00, 0x00, 0x00, 0x00, 0x00, 0x00, 0x00, 0x00, 0x00, 0x00, 0x00, 0x00, 0x00, 0x00, 0x00, 0x00
};
const unsigned char hippoBitMapInv85 [] PROGMEM = {
	0x00, 0x00, 0x00, 0x00, 0x00, 0x00, 0x00, 0x00, 0x00, 0x00, 0x00, 0x00, 0x00, 0x00, 0x00, 0x00, 
	0x00, 0x00, 0x00, 0x00, 0x00, 0x00, 0x00, 0x00, 0x00, 0x00, 0x00, 0x00, 0x00, 0x00, 0x00, 0x00, 
	0x00, 0x00, 0x00, 0x00, 0x00, 0x3f, 0xff, 0xf8, 0x00, 0x00, 0x00, 0x00, 0x00, 0x00, 0x00, 0x01, 
	0xff, 0xff, 0xff, 0x00, 0x00, 0x00, 0x00, 0x00, 0x00, 0x00, 0x0f, 0xff, 0xff, 0xff, 0xc0, 0x00, 
	0x00, 0x00, 0x00, 0x00, 0x00, 0x3f, 0xff, 0xff, 0xff, 0xe0, 0x00, 0x00, 0x00, 0x00, 0x00, 0x00, 
	0xff, 0xff, 0xff, 0xdf, 0xf8, 0x00, 0x00, 0x00, 0x00, 0x00, 0x0f, 0xff, 0xff, 0xf7, 0xff, 0xff, 
	0xc0, 0x00, 0x00, 0x00, 0x00, 0x1f, 0xff, 0xff, 0xcf, 0xff, 0xff, 0xf0, 0x00, 0x00, 0x00, 0x00, 
	0xff, 0xff, 0xff, 0x9f, 0xff, 0xff, 0xf8, 0x00, 0x00, 0x00, 0x01, 0xff, 0xff, 0xff, 0x1f, 0xff, 
	0xff, 0xfc, 0x00, 0x00, 0x00, 0x03, 0xff, 0xff, 0xff, 0x67, 0x07, 0xff, 0xfe, 0x00, 0x00, 0x00, 
	0x07, 0xff, 0xff, 0xfe, 0xef, 0x03, 0xff, 0xff, 0x80, 0x00, 0x00, 0x0f, 0xff, 0xff, 0xfc, 0xff, 
	0x03, 0xf8, 0x01, 0x80, 0x00, 0x00, 0x1f, 0xff, 0xff, 0xfd, 0x7f, 0x01, 0xf8, 0x00, 0x00, 0x00, 
	0x00, 0x3f, 0xff, 0xff, 0xf9, 0x3f, 0x00, 0xf8, 0x00, 0x00, 0x00, 0x00, 0x3f, 0xff, 0xff, 0xf0, 
	0x3f, 0x80, 0xf8, 0x30, 0x00, 0x00, 0x00, 0x3f, 0xff, 0xff, 0xe0, 0x27, 0xc1, 0xfc, 0x3e, 0x00, 
	0x00, 0x00, 0x7f, 0xff, 0xff, 0xe0, 0x07, 0x83, 0xf8, 0x1f, 0xf8, 0x00, 0x00, 0xff, 0xff, 0xff, 
	0xc0, 0x00, 0x0f, 0xe0, 0x0f, 0xfc, 0x00, 0x01, 0xff, 0xff, 0xff, 0x80, 0x00, 0x3f, 0xc0, 0x3f, 
	0xfc, 0x00, 0x01, 0xff, 0xff, 0xff, 0x80, 0x00, 0x7f, 0x00, 0x7f, 0xc0, 0x00, 0x03, 0xff, 0xff, 
	0xff, 0x80, 0x00, 0x78, 0x00, 0xf0, 0x00, 0x00, 0x03, 0xff, 0xff, 0xff, 0x00, 0x00, 0x48, 0x00, 
	0xf0, 0x02, 0x00, 0x03, 0xff, 0xf8, 0x38, 0x00, 0x00, 0x80, 0x00, 0xe0, 0x02, 0x00, 0x07, 0xff, 
	0xe0, 0x00, 0x00, 0x00, 0x00, 0x00, 0xe0, 0x02, 0x00, 0x07, 0xff, 0x80, 0x00, 0x00, 0x00, 0x00, 
	0x00, 0xe0, 0x02, 0x00, 0x07, 0xfe, 0x00, 0x00, 0x00, 0x00, 0x00, 0x01, 0xe0, 0x02, 0x00, 0x07, 
	0xfc, 0x00, 0x00, 0x00, 0x00, 0x00, 0x03, 0xf0, 0x03, 0x00, 0x07, 0x38, 0x00, 0x00, 0x00, 0x00, 
	0x60, 0x0f, 0xf0, 0x07, 0x00, 0x06, 0x38, 0x00, 0x00, 0x00, 0x04, 0xf0, 0x3f, 0xf0, 0x07, 0x80, 
	0x04, 0x30, 0x00, 0x00, 0x00, 0x0f, 0xf8, 0x7f, 0xf0, 0x03, 0x80, 0x04, 0x30, 0x00, 0x00, 0x00, 
	0x1f, 0xf8, 0xff, 0xf0, 0x03, 0x80, 0x04, 0x30, 0x00, 0x00, 0x00, 0x1f, 0xf9, 0xff, 0xf0, 0x01, 
	0x80, 0x04, 0x00, 0x00, 0x00, 0x00, 0x1f, 0xf1, 0xff, 0xf8, 0x11, 0xc0, 0x04, 0x00, 0x00, 0x00, 
	0x00, 0x1f, 0xe0, 0xff, 0xfc, 0x39, 0xc0, 0x04, 0x00, 0x00, 0x00, 0x00, 0x1f, 0xc3, 0xff, 0xfc, 
	0xf8, 0xc0, 0x00, 0x00, 0x00, 0x00, 0x00, 0x0f, 0x83, 0xff, 0xf9, 0xfc, 0x00, 0x00, 0x00, 0x00, 
	0x00, 0x00, 0x0f, 0x03, 0xff, 0xf1, 0xfc, 0x00, 0x04, 0x00, 0x00, 0x00, 0x00, 0x00, 0x03, 0xff, 
	0xe1, 0xfd, 0x80, 0x04, 0x00, 0x00, 0x00, 0x00, 0x00, 0x03, 0xfc, 0x01, 0xc6, 0x40, 0x00, 0x00, 
	0x00, 0x00, 0x00, 0x00, 0x06, 0x00, 0x00, 0x00, 0x00, 0x04, 0x00, 0x00, 0x00, 0x00, 0x00, 0x06, 
	0x00, 0x00, 0x00, 0x00, 0x00, 0x00, 0x00, 0x00, 0x00, 0x00, 0x06, 0x00, 0x00, 0x00, 0x00, 0x00, 
	0x00, 0x00, 0x00, 0x00, 0x00, 0x06, 0x00, 0x00, 0x00, 0x20, 0x03, 0x80, 0x00, 0x00, 0x00, 0x00, 
	0x06, 0x00, 0x00, 0x00, 0x20, 0x01, 0x82, 0x00, 0x00, 0x00, 0x00, 0x06, 0x00, 0x00, 0x00, 0x20, 
	0x01, 0xc0, 0x00, 0x00, 0x00, 0x00, 0x06, 0x00, 0x00, 0x00, 0x00, 0x01, 0xc0, 0x00, 0x00, 0x00, 
	0x00, 0x00, 0x00, 0x00, 0x00, 0x00, 0x00, 0xc0, 0x00, 0x00, 0x00, 0x00, 0x00, 0x00, 0x00, 0x00, 
	0x00, 0x00, 0x40, 0x00, 0x00, 0x00, 0x00, 0x00, 0x00, 0x00, 0x00, 0x00, 0x00, 0x00, 0x00, 0x00, 
	0x00, 0x00, 0x00, 0x00, 0x00, 0x00, 0x20, 0x00, 0x00, 0x00, 0x00, 0x00, 0x00, 0x00, 0x00, 0x00, 
	0x00, 0x00, 0x00, 0x00, 0x00, 0x00, 0x00, 0x00, 0x00, 0x00, 0x00, 0x00, 0x00, 0x00, 0x00, 0x00, 
	0x00, 0x00, 0x00, 0x00, 0x00, 0x00, 0x00, 0x00, 0x00, 0x20, 0x00, 0x00, 0x00, 0x00, 0x00, 0x00, 
	0x00, 0x00, 0x00, 0x00, 0x00, 0x00, 0x00, 0x00, 0x00, 0x00, 0x00, 0x00, 0xe0, 0x00, 0x00, 0x00, 
	0x00, 0x00, 0x00, 0x00, 0x00, 0x00, 0x00, 0x00, 0x00, 0x00, 0x00, 0x00, 0x00, 0x00, 0x00, 0x00, 
	0x00, 0x00, 0x00, 0x00, 0x00, 0x00, 0x00, 0x00, 0x00, 0x00, 0x00, 0x00, 0x00, 0x00, 0x00, 0x00, 
	0x00, 0x00, 0x00, 0x00, 0x00, 0x00, 0x00, 0x00, 0x00, 0x00, 0x00, 0x00, 0x00, 0x00, 0x00, 0x00, 
	0x00, 0x00, 0x00, 0x00, 0x00, 0x00, 0x02, 0x00, 0x00, 0x00, 0x00, 0x00, 0x00, 0x00, 0x00, 0x00, 
	0x00, 0x02, 0x00, 0x00, 0x00, 0x00, 0x00, 0x00, 0x00, 0x00, 0x00, 0x00, 0x02, 0x00, 0x01, 0x80, 
	0x00, 0x00, 0x00, 0x00, 0x00, 0x00, 0x00, 0x02, 0x00, 0x01, 0x80, 0x00, 0x00, 0x00, 0x00, 0x00, 
	0x00, 0x00, 0x02, 0x00, 0x01, 0x80, 0x00, 0x00, 0x00, 0x00, 0x00, 0x00, 0x00, 0x01, 0x80, 0x01, 
	0x80, 0x00, 0x00, 0x00, 0x00, 0x00, 0x00, 0x00, 0x01, 0xc0, 0x01, 0xc0, 0x00, 0x00, 0x02, 0x00, 
	0x00, 0x00, 0x00, 0x03, 0xc0, 0x00, 0xc0, 0x7c, 0x00, 0x07, 0x00, 0x00, 0x00, 0x00, 0x07, 0xc0, 
	0x00, 0x70, 0xfc, 0x00, 0x07, 0x00, 0x00, 0x00, 0x00, 0x0f, 0xc0, 0x00, 0x3c, 0xfc, 0x00, 0x03, 
	0x80, 0x00, 0x00, 0x00, 0x1e, 0x40, 0x00, 0x1e, 0xfc, 0x00, 0x01, 0xc0, 0x00, 0x00, 0x00, 0x1e, 
	0xc0, 0x00, 0x07, 0xfc, 0x00, 0x00, 0xe0, 0x00, 0x00, 0x00, 0x1c, 0x00, 0x00, 0x01, 0xcc, 0x00, 
	0x00, 0x70, 0x00, 0x00, 0x00, 0x00, 0x00, 0x00, 0x03, 0xcc, 0x30, 0x00, 0x00, 0x00, 0x00, 0x00, 
	0x00, 0x00, 0x00, 0x03, 0x8c, 0x00, 0x00, 0x00, 0x00, 0x00, 0x00, 0x00, 0x00, 0x00, 0x03, 0x0c, 
	0x00, 0x00, 0x00, 0x00, 0x00, 0x00, 0x00, 0x00, 0x00, 0x02, 0x00, 0x00, 0x00, 0x00, 0x00, 0x00, 
	0x00, 0x00, 0x00, 0x00, 0x00, 0x00, 0x00, 0x00, 0x00, 0x00, 0x00, 0x00, 0x00, 0x00, 0x00, 0x00, 
	0x00, 0x00, 0x00, 0x00, 0x00, 0x00, 0x00, 0x00, 0x00, 0x00, 0x00, 0x00, 0x00, 0x00, 0x00, 0x00, 
	0x00, 0x00, 0x00, 0x00, 0x00, 0x00, 0x00, 0x00, 0x00, 0x00, 0x00, 0x00, 0x00, 0x00, 0x00, 0x00, 
	0x00, 0x00, 0x00, 0x00, 0x00, 0x00, 0x00
};
const unsigned char hippoBitMapInv90 [] PROGMEM = {
	0x00, 0x00, 0x00, 0x00, 0x00, 0x00, 0x00, 0x00, 0x00, 0x00, 0x00, 0x00, 0x00, 0x00, 0x00, 0x00, 
	0x00, 0x00, 0x00, 0x00, 0x00, 0x00, 0x00, 0x00, 0x00, 0x00, 0x00, 0x00, 0x00, 0x00, 0x00, 0x00, 
	0x00, 0x00, 0x00, 0x00, 0x00, 0x00, 0x00, 0x00, 0x0f, 0xff, 0xff, 0x00, 0x00, 0x00, 0x00, 0x00, 
	0x00, 0x00, 0x00, 0x00, 0x7f, 0xff, 0xff, 0xe0, 0x00, 0x00, 0x00, 0x00, 0x00, 0x00, 0x00, 0x00, 
	0xff, 0xff, 0xff, 0xf0, 0x00, 0x00, 0x00, 0x00, 0x00, 0x00, 0x00, 0x0f, 0xff, 0xff, 0xff, 0xfc, 
	0x00, 0x00, 0x00, 0x00, 0x00, 0x00, 0x00, 0x3f, 0xff, 0xff, 0xff, 0xff, 0x80, 0x00, 0x00, 0x00, 
	0x00, 0x00, 0x07, 0xff, 0xff, 0xff, 0xff, 0xff, 0xf8, 0x00, 0x00, 0x00, 0x00, 0x00, 0x0f, 0xff, 
	0xff, 0xff, 0xff, 0xff, 0xfe, 0x00, 0x00, 0x00, 0x00, 0x00, 0x1f, 0xff, 0xff, 0xf3, 0xff, 0xff, 
	0xff, 0x80, 0x00, 0x00, 0x00, 0x00, 0x7f, 0xff, 0xff, 0xe3, 0xff, 0xff, 0xff, 0xc0, 0x00, 0x00, 
	0x00, 0x00, 0xff, 0xff, 0xff, 0xe1, 0xe1, 0xff, 0xff, 0xe0, 0x00, 0x00, 0x00, 0x01, 0xff, 0xff, 
	0xff, 0xf9, 0xc0, 0xff, 0xff, 0xf0, 0x00, 0x00, 0x00, 0x03, 0xff, 0xff, 0xff, 0x9f, 0xc0, 0x7f, 
	0xff, 0xfc, 0x00, 0x00, 0x00, 0x07, 0xff, 0xff, 0xff, 0x1f, 0xc0, 0x7f, 0x80, 0x18, 0x00, 0x00, 
	0x00, 0x0f, 0xff, 0xff, 0xff, 0x2f, 0xe0, 0x3f, 0x80, 0x00, 0x00, 0x00, 0x00, 0x1f, 0xff, 0xff, 
	0xfe, 0x6f, 0xe0, 0x1f, 0x00, 0x00, 0x00, 0x00, 0x00, 0x3f, 0xff, 0xff, 0xfc, 0x0f, 0xf0, 0x1f, 
	0x03, 0x00, 0x00, 0x00, 0x00, 0x3f, 0xff, 0xff, 0xfc, 0x00, 0xf8, 0x3f, 0xc3, 0xe0, 0x00, 0x00, 
	0x00, 0x7f, 0xff, 0xff, 0xf8, 0x00, 0xf0, 0x7f, 0x81, 0xff, 0x80, 0x00, 0x00, 0xff, 0xff, 0xff, 
	0xf8, 0x00, 0x01, 0xfc, 0x00, 0xff, 0xc0, 0x00, 0x00, 0xff, 0xff, 0xff, 0xf0, 0x00, 0x03, 0xfc, 
	0x01, 0xff, 0xe0, 0x00, 0x01, 0xff, 0xff, 0xff, 0xe0, 0x00, 0x07, 0xf8, 0x03, 0xfe, 0xe0, 0x00, 
	0x01, 0xff, 0xff, 0xff, 0xe0, 0x00, 0x0f, 0x00, 0x07, 0x80, 0x00, 0x00, 0x03, 0xff, 0xff, 0xff, 
	0xc0, 0x00, 0x0f, 0x00, 0x1f, 0x00, 0x10, 0x00, 0x03, 0xff, 0xfe, 0x3f, 0x00, 0x00, 0x10, 0x00, 
	0x1f, 0x00, 0x10, 0x00, 0x03, 0xff, 0xfc, 0x0e, 0x00, 0x00, 0x00, 0x80, 0x1e, 0x00, 0x10, 0x00, 
	0x07, 0xff, 0xe0, 0x00, 0x00, 0x00, 0x00, 0x00, 0x1e, 0x00, 0x10, 0x00, 0x07, 0xff, 0x80, 0x00, 
	0x00, 0x00, 0x00, 0x00, 0x1e, 0x00, 0x10, 0x00, 0x07, 0xff, 0x00, 0x00, 0x00, 0x00, 0x00, 0x00, 
	0x3e, 0x00, 0x10, 0x00, 0x07, 0xfe, 0x00, 0x00, 0x00, 0x00, 0x00, 0x00, 0x7f, 0x00, 0x38, 0x00, 
	0x07, 0x3c, 0x00, 0x00, 0x00, 0x00, 0x0e, 0x01, 0xff, 0x00, 0x38, 0x00, 0x07, 0x38, 0x00, 0x00, 
	0x00, 0x00, 0xbf, 0x07, 0xff, 0x00, 0x38, 0x00, 0x06, 0x38, 0x00, 0x00, 0x00, 0x01, 0xff, 0x07, 
	0xff, 0x00, 0x18, 0x00, 0x04, 0x38, 0x00, 0x00, 0x00, 0x03, 0xff, 0x1f, 0xff, 0x00, 0x18, 0x00, 
	0x04, 0x10, 0x00, 0x00, 0x00, 0x07, 0xff, 0x3f, 0xff, 0x00, 0x1c, 0x00, 0x04, 0x00, 0x00, 0x00, 
	0x00, 0x07, 0xfe, 0x3f, 0xff, 0x81, 0x0e, 0x00, 0x04, 0x00, 0x00, 0x00, 0x00, 0x07, 0xfe, 0x1f, 
	0xff, 0xc1, 0x8e, 0x00, 0x04, 0x00, 0x00, 0x00, 0x00, 0x07, 0xfc, 0x7f, 0xff, 0xc7, 0xc6, 0x00, 
	0x00, 0x00, 0x00, 0x00, 0x00, 0x03, 0xf8, 0x7f, 0xff, 0x8f, 0xc0, 0x00, 0x00, 0x00, 0x00, 0x00, 
	0x00, 0x01, 0xf0, 0x7f, 0xff, 0x1f, 0xe0, 0x00, 0x04, 0x00, 0x00, 0x00, 0x00, 0x00, 0x00, 0x7f, 
	0xfe, 0x1f, 0xe0, 0x00, 0x04, 0x00, 0x00, 0x00, 0x00, 0x00, 0x00, 0x7f, 0xc0, 0x1e, 0x70, 0x00, 
	0x00, 0x00, 0x00, 0x00, 0x00, 0x00, 0x00, 0xff, 0x80, 0x0c, 0x20, 0x00, 0x00, 0x00, 0x00, 0x00, 
	0x00, 0x00, 0x00, 0xc0, 0x00, 0x00, 0x00, 0x00, 0x00, 0x00, 0x00, 0x00, 0x00, 0x00, 0x00, 0xc0, 
	0x00, 0x00, 0x00, 0x00, 0x00, 0x00, 0x00, 0x00, 0x00, 0x00, 0x00, 0xc0, 0x00, 0x00, 0x01, 0x00, 
	0x01, 0x00, 0x00, 0x00, 0x00, 0x00, 0x00, 0xc0, 0x00, 0x00, 0x01, 0x00, 0x01, 0x80, 0x00, 0x00, 
	0x00, 0x00, 0x00, 0xc0, 0x00, 0x00, 0x01, 0x00, 0x00, 0x80, 0x00, 0x00, 0x00, 0x00, 0x00, 0xc0, 
	0x00, 0x00, 0x01, 0x00, 0x00, 0xc0, 0x00, 0x00, 0x00, 0x00, 0x00, 0xc0, 0x00, 0x00, 0x00, 0x00, 
	0x00, 0xc0, 0x00, 0x00, 0x00, 0x00, 0x00, 0x00, 0x00, 0x00, 0x00, 0x00, 0x00, 0xc0, 0x00, 0x00, 
	0x00, 0x00, 0x00, 0x00, 0x00, 0x00, 0x00, 0x00, 0x00, 0x40, 0x00, 0x00, 0x00, 0x00, 0x00, 0x00, 
	0x00, 0x00, 0x00, 0x00, 0x00, 0x00, 0x00, 0x00, 0x00, 0x00, 0x00, 0x00, 0x00, 0x00, 0x01, 0x00, 
	0x00, 0x00, 0x00, 0x00, 0x00, 0x00, 0x00, 0x00, 0x00, 0x00, 0x00, 0x00, 0x00, 0x00, 0x00, 0x00, 
	0x00, 0x00, 0x00, 0x00, 0x00, 0x00, 0x00, 0x00, 0x00, 0x00, 0x00, 0x00, 0x00, 0x00, 0x00, 0x00, 
	0x00, 0x00, 0x00, 0x00, 0x00, 0x30, 0x00, 0x00, 0x00, 0x00, 0x00, 0x00, 0x00, 0x00, 0x00, 0x00, 
	0x00, 0x00, 0x00, 0x00, 0x00, 0x00, 0x00, 0x00, 0x00, 0x0f, 0x00, 0x00, 0x00, 0x00, 0x00, 0x00, 
	0x00, 0x00, 0x00, 0x00, 0x00, 0x00, 0x00, 0x00, 0x00, 0x00, 0x00, 0x00, 0x00, 0x00, 0x00, 0x00, 
	0x00, 0x00, 0x00, 0x00, 0x00, 0x00, 0x00, 0x00, 0x00, 0x00, 0x00, 0x00, 0x00, 0x00, 0x00, 0x00, 
	0x00, 0x00, 0x00, 0x00, 0x00, 0x00, 0x00, 0x00, 0x00, 0x00, 0x00, 0x00, 0x00, 0x00, 0x00, 0x00, 
	0x00, 0x00, 0x00, 0x80, 0x00, 0x00, 0x00, 0x00, 0x00, 0x00, 0x00, 0x00, 0x00, 0x00, 0x00, 0x00, 
	0x00, 0x00, 0x00, 0x00, 0x00, 0x03, 0x00, 0x00, 0x00, 0x00, 0x00, 0x00, 0x00, 0x00, 0x00, 0x00, 
	0x00, 0x03, 0x00, 0x00, 0x10, 0x00, 0x00, 0x00, 0x00, 0x00, 0x00, 0x00, 0x00, 0x03, 0x00, 0x00, 
	0x60, 0x00, 0x00, 0x00, 0x00, 0x00, 0x00, 0x00, 0x00, 0x03, 0x00, 0x00, 0xe0, 0x00, 0x00, 0x00, 
	0x00, 0x00, 0x00, 0x00, 0x00, 0x01, 0x00, 0x00, 0xe0, 0x00, 0x00, 0x00, 0x00, 0x00, 0x00, 0x00, 
	0x00, 0x00, 0xc0, 0x00, 0xe0, 0x00, 0x00, 0x00, 0x00, 0x00, 0x00, 0x00, 0x00, 0x01, 0xe0, 0x00, 
	0xf0, 0x00, 0x00, 0x00, 0x20, 0x00, 0x00, 0x00, 0x00, 0x01, 0xe0, 0x00, 0x70, 0x1f, 0x80, 0x00, 
	0x60, 0x00, 0x00, 0x00, 0x00, 0x03, 0xe0, 0x00, 0x38, 0x1f, 0x80, 0x00, 0x60, 0x00, 0x00, 0x00, 
	0x00, 0x07, 0xe0, 0x00, 0x1e, 0x1f, 0x80, 0x00, 0x70, 0x00, 0x00, 0x00, 0x00, 0x0f, 0x20, 0x00, 
	0x0f, 0xbf, 0x80, 0x00, 0x3c, 0x00, 0x00, 0x00, 0x00, 0x0f, 0x60, 0x00, 0x03, 0xff, 0x80, 0x00, 
	0x1e, 0x00, 0x00, 0x00, 0x00, 0x0e, 0x00, 0x00, 0x00, 0xff, 0x80, 0x00, 0x0f, 0x00, 0x00, 0x00, 
	0x00, 0x0c, 0x00, 0x00, 0x00, 0x71, 0x80, 0x00, 0x07, 0x00, 0x00, 0x00, 0x00, 0x00, 0x00, 0x00, 
	0x00, 0xf1, 0x86, 0x00, 0x00, 0x00, 0x00, 0x00, 0x00, 0x00, 0x00, 0x00, 0x00, 0xe1, 0x80, 0x00, 
	0x00, 0x00, 0x00, 0x00, 0x00, 0x00, 0x00, 0x00, 0x00, 0xc0, 0x00, 0x00, 0x00, 0x00, 0x00, 0x00, 
	0x00, 0x00, 0x00, 0x00, 0x00, 0x00, 0x00, 0x00, 0x00, 0x00, 0x00, 0x00, 0x00, 0x00, 0x00, 0x00, 
	0x00, 0x00, 0x00, 0x00, 0x00, 0x00, 0x00, 0x00, 0x00, 0x00, 0x00, 0x00, 0x00, 0x00, 0x00, 0x00, 
	0x00, 0x00, 0x00, 0x00, 0x00, 0x00, 0x00, 0x00, 0x00, 0x00, 0x00, 0x00, 0x00, 0x00, 0x00, 0x00, 
	0x00, 0x00, 0x00, 0x00, 0x00, 0x00, 0x00, 0x00, 0x00, 0x00, 0x00, 0x00, 0x00, 0x00, 0x00, 0x00, 
	0x00, 0x00, 0x00, 0x00, 0x00, 0x00, 0x00, 0x00
};
const unsigned char hippoBitMapInv95 [] PROGMEM = {
	0x00, 0x00, 0x00, 0x00, 0x00, 0x00, 0x00, 0x00, 0x00, 0x00, 0x00, 0x00, 0x00, 0x00, 0x00, 0x00, 
	0x00, 0x00, 0x00, 0x00, 0x00, 0x00, 0x00, 0x00, 0x00, 0x00, 0x00, 0x00, 0x00, 0x00, 0x00, 0x00, 
	0x00, 0x00, 0x00, 0x00, 0x00, 0x00, 0x00, 0x00, 0x01, 0xff, 0xff, 0xc0, 0x00, 0x00, 0x00, 0x00, 
	0x00, 0x00, 0x00, 0x00, 0x03, 0xff, 0xff, 0xe0, 0x00, 0x00, 0x00, 0x00, 0x00, 0x00, 0x00, 0x00, 
	0x3f, 0xff, 0xff, 0xfe, 0x00, 0x00, 0x00, 0x00, 0x00, 0x00, 0x00, 0x03, 0xff, 0xff, 0xff, 0xff, 
	0x80, 0x00, 0x00, 0x00, 0x00, 0x00, 0x00, 0x0f, 0xff, 0xff, 0xff, 0xff, 0xe0, 0x00, 0x00, 0x00, 
	0x00, 0x00, 0x00, 0x1f, 0xff, 0xff, 0xff, 0xff, 0xf8, 0x00, 0x00, 0x00, 0x00, 0x00, 0x03, 0xff, 
	0xff, 0xff, 0xbf, 0xff, 0xff, 0xc0, 0x00, 0x00, 0x00, 0x00, 0x07, 0xff, 0xff, 0xfe, 0x7f, 0xff, 
	0xff, 0xf0, 0x00, 0x00, 0x00, 0x00, 0x1f, 0xff, 0xff, 0xfc, 0xff, 0xff, 0xff, 0xf8, 0x00, 0x00, 
	0x00, 0x00, 0x7f, 0xff, 0xff, 0xf8, 0xff, 0xff, 0xff, 0xfc, 0x00, 0x00, 0x00, 0x00, 0xff, 0xff, 
	0xff, 0xf9, 0x38, 0x1f, 0xff, 0xfe, 0x00, 0x00, 0x00, 0x01, 0xff, 0xff, 0xff, 0xf7, 0x78, 0x0f, 
	0xff, 0xff, 0xc0, 0x00, 0x00, 0x03, 0xff, 0xff, 0xff, 0xe7, 0xf8, 0x0f, 0xff, 0xff, 0xc0, 0x00, 
	0x00, 0x07, 0xff, 0xff, 0xff, 0xe7, 0xf8, 0x0f, 0xf0, 0x01, 0xc0, 0x00, 0x00, 0x0f, 0xff, 0xff, 
	0xff, 0xcb, 0xf8, 0x07, 0xf0, 0x00, 0x00, 0x00, 0x00, 0x1f, 0xff, 0xff, 0xff, 0x8b, 0xfc, 0x03, 
	0xf0, 0x00, 0x00, 0x00, 0x00, 0x1f, 0xff, 0xff, 0xff, 0x83, 0xfe, 0x03, 0xe0, 0x30, 0x00, 0x00, 
	0x00, 0x1f, 0xff, 0xff, 0xff, 0x01, 0x3f, 0x07, 0xf8, 0x3e, 0x00, 0x00, 0x00, 0x3f, 0xff, 0xff, 
	0xff, 0x00, 0x1e, 0x0f, 0xf8, 0x1f, 0xfc, 0x00, 0x00, 0x7f, 0xff, 0xff, 0xfe, 0x00, 0x00, 0x3f, 
	0xe0, 0x0f, 0xfe, 0x00, 0x00, 0xff, 0xff, 0xff, 0xfc, 0x00, 0x00, 0x7f, 0x80, 0x0f, 0xfe, 0x00, 
	0x00, 0xff, 0xff, 0xff, 0xf8, 0x00, 0x00, 0xff, 0x00, 0x3f, 0xe6, 0x00, 0x01, 0xff, 0xff, 0xff, 
	0xf8, 0x00, 0x01, 0xe0, 0x00, 0x78, 0x00, 0x00, 0x01, 0xff, 0xff, 0xff, 0xf0, 0x00, 0x01, 0xe0, 
	0x00, 0xf8, 0x00, 0x00, 0x01, 0xff, 0xff, 0xff, 0xe0, 0x00, 0x01, 0x20, 0x01, 0xf0, 0x01, 0x80, 
	0x01, 0xff, 0xfe, 0x07, 0x80, 0x00, 0x00, 0x10, 0x01, 0xe0, 0x01, 0x80, 0x03, 0xff, 0xf8, 0x00, 
	0x00, 0x00, 0x00, 0x00, 0x01, 0xe0, 0x01, 0x80, 0x07, 0xff, 0xf0, 0x00, 0x00, 0x00, 0x00, 0x00, 
	0x01, 0xe0, 0x01, 0x80, 0x07, 0xff, 0xc0, 0x00, 0x00, 0x00, 0x00, 0x00, 0x01, 0xe0, 0x01, 0x80, 
	0x07, 0xff, 0x80, 0x00, 0x00, 0x00, 0x00, 0x00, 0x03, 0xe0, 0x01, 0x80, 0x07, 0xbf, 0x00, 0x00, 
	0x00, 0x00, 0x01, 0x80, 0x0f, 0xf0, 0x01, 0xc0, 0x07, 0x1e, 0x00, 0x00, 0x00, 0x00, 0x03, 0xc0, 
	0x3f, 0xf8, 0x03, 0xc0, 0x07, 0x1c, 0x00, 0x00, 0x00, 0x00, 0x37, 0xe0, 0xff, 0xf8, 0x03, 0xc0, 
	0x06, 0x1c, 0x00, 0x00, 0x00, 0x00, 0x7f, 0xe0, 0xff, 0xf8, 0x01, 0xc0, 0x06, 0x1c, 0x00, 0x00, 
	0x00, 0x00, 0xff, 0xe3, 0xff, 0xf8, 0x01, 0xc0, 0x06, 0x18, 0x00, 0x00, 0x00, 0x00, 0xff, 0xe7, 
	0xff, 0xf8, 0x00, 0xe0, 0x06, 0x00, 0x00, 0x00, 0x00, 0x00, 0xff, 0xe3, 0xff, 0xf8, 0x18, 0x60, 
	0x06, 0x00, 0x00, 0x00, 0x00, 0x00, 0xff, 0xc3, 0xff, 0xfc, 0x1c, 0x70, 0x06, 0x00, 0x00, 0x00, 
	0x00, 0x00, 0xff, 0x87, 0xff, 0xfc, 0x7c, 0x70, 0x00, 0x00, 0x00, 0x00, 0x00, 0x00, 0xff, 0x0f, 
	0xff, 0xfc, 0xfc, 0x00, 0x00, 0x00, 0x00, 0x00, 0x00, 0x00, 0x7e, 0x0f, 0xff, 0xf9, 0xfe, 0x00, 
	0x00, 0x00, 0x00, 0x00, 0x00, 0x00, 0x00, 0x0f, 0xff, 0xf1, 0xfe, 0x00, 0x06, 0x00, 0x00, 0x00, 
	0x00, 0x00, 0x00, 0x0f, 0xff, 0xc1, 0xff, 0xc0, 0x02, 0x00, 0x00, 0x00, 0x00, 0x00, 0x00, 0x0f, 
	0xfc, 0x01, 0xe3, 0x80, 0x00, 0x00, 0x00, 0x00, 0x00, 0x00, 0x00, 0x18, 0x00, 0x00, 0x00, 0x00, 
	0x00, 0x00, 0x00, 0x00, 0x00, 0x00, 0x00, 0x18, 0x00, 0x00, 0x00, 0x00, 0x00, 0x00, 0x00, 0x00, 
	0x00, 0x00, 0x00, 0x18, 0x00, 0x00, 0x00, 0x00, 0x00, 0x00, 0x00, 0x00, 0x00, 0x00, 0x00, 0x18, 
	0x00, 0x00, 0x00, 0x08, 0x01, 0x80, 0x00, 0x00, 0x00, 0x00, 0x00, 0x18, 0x00, 0x00, 0x00, 0x08, 
	0x00, 0xc0, 0x00, 0x00, 0x00, 0x00, 0x00, 0x18, 0x00, 0x00, 0x00, 0x08, 0x00, 0xc0, 0x00, 0x00, 
	0x00, 0x00, 0x00, 0x18, 0x00, 0x00, 0x00, 0x08, 0x00, 0xe0, 0x00, 0x00, 0x00, 0x00, 0x00, 0x18, 
	0x00, 0x00, 0x00, 0x00, 0x00, 0xe0, 0x00, 0x00, 0x00, 0x00, 0x00, 0x00, 0x00, 0x00, 0x00, 0x00, 
	0x00, 0x60, 0x00, 0x00, 0x00, 0x00, 0x00, 0x00, 0x00, 0x00, 0x00, 0x00, 0x00, 0x20, 0x00, 0x00, 
	0x00, 0x00, 0x00, 0x00, 0x00, 0x00, 0x00, 0x00, 0x00, 0x00, 0x00, 0x00, 0x00, 0x00, 0x00, 0x00, 
	0x00, 0x00, 0x00, 0x08, 0x00, 0x00, 0x00, 0x00, 0x00, 0x00, 0x00, 0x00, 0x00, 0x00, 0x00, 0x00, 
	0x00, 0x00, 0x00, 0x00, 0x00, 0x00, 0x00, 0x00, 0x00, 0x00, 0x00, 0x00, 0x00, 0x00, 0x00, 0x00, 
	0x00, 0x00, 0x00, 0x00, 0x00, 0x00, 0x00, 0x00, 0x00, 0x10, 0x00, 0x00, 0x00, 0x00, 0x00, 0x00, 
	0x00, 0x00, 0x00, 0x00, 0x00, 0x00, 0x00, 0x00, 0x00, 0x00, 0x00, 0x00, 0x00, 0x00, 0x70, 0x00, 
	0x00, 0x00, 0x00, 0x00, 0x00, 0x00, 0x00, 0x00, 0x00, 0x00, 0x70, 0x00, 0x00, 0x00, 0x00, 0x00, 
	0x00, 0x00, 0x00, 0x00, 0x00, 0x00, 0x00, 0x00, 0x00, 0x00, 0x00, 0x00, 0x00, 0x00, 0x00, 0x00, 
	0x00, 0x00, 0x00, 0x00, 0x00, 0x00, 0x00, 0x00, 0x00, 0x00, 0x00, 0x00, 0x00, 0x00, 0x00, 0x00, 
	0x00, 0x00, 0x00, 0x00, 0x00, 0x00, 0x00, 0x00, 0x00, 0x00, 0x00, 0x00, 0x00, 0x00, 0x00, 0x00, 
	0x00, 0x00, 0x00, 0x10, 0x00, 0x00, 0x00, 0x00, 0x00, 0x01, 0x00, 0x00, 0x00, 0x00, 0x00, 0x00, 
	0x00, 0x00, 0x00, 0x00, 0x00, 0x01, 0x00, 0x00, 0x00, 0x00, 0x00, 0x00, 0x00, 0x00, 0x00, 0x00, 
	0x00, 0x01, 0x00, 0x00, 0x04, 0x00, 0x00, 0x00, 0x00, 0x00, 0x00, 0x00, 0x00, 0x01, 0x00, 0x00, 
	0x38, 0x08, 0x00, 0x00, 0x00, 0x00, 0x00, 0x00, 0x00, 0x01, 0x00, 0x00, 0x38, 0x00, 0x00, 0x00, 
	0x00, 0x00, 0x00, 0x00, 0x00, 0x00, 0x80, 0x00, 0x38, 0x00, 0x00, 0x00, 0x00, 0x00, 0x00, 0x00, 
	0x00, 0x00, 0xe0, 0x00, 0x38, 0x00, 0x00, 0x00, 0x00, 0x00, 0x00, 0x00, 0x00, 0x00, 0xf0, 0x00, 
	0x3c, 0x00, 0x00, 0x00, 0x02, 0x00, 0x00, 0x00, 0x00, 0x00, 0xf8, 0x00, 0x1c, 0x03, 0xe0, 0x00, 
	0x06, 0x00, 0x00, 0x00, 0x00, 0x01, 0xf8, 0x00, 0x0e, 0x07, 0xf0, 0x00, 0x0e, 0x00, 0x00, 0x00, 
	0x00, 0x03, 0xf8, 0x00, 0x07, 0x87, 0xf0, 0x00, 0x0e, 0x00, 0x00, 0x00, 0x00, 0x07, 0x98, 0x00, 
	0x03, 0xf7, 0xf0, 0x00, 0x07, 0x80, 0x00, 0x00, 0x00, 0x0f, 0x38, 0x00, 0x00, 0xff, 0xf0, 0x00, 
	0x03, 0xc0, 0x00, 0x00, 0x00, 0x0f, 0x30, 0x00, 0x00, 0x7f, 0xf0, 0x00, 0x01, 0xe0, 0x00, 0x00, 
	0x00, 0x0e, 0x00, 0x00, 0x00, 0x0e, 0x70, 0x00, 0x00, 0xf0, 0x00, 0x00, 0x00, 0x00, 0x00, 0x00, 
	0x00, 0x1c, 0x70, 0xc0, 0x00, 0x00, 0x00, 0x00, 0x00, 0x00, 0x00, 0x00, 0x00, 0x3c, 0x70, 0x00, 
	0x00, 0x00, 0x00, 0x00, 0x00, 0x00, 0x00, 0x00, 0x00, 0x38, 0x60, 0x00, 0x00, 0x00, 0x00, 0x00, 
	0x00, 0x00, 0x00, 0x00, 0x00, 0x10, 0x00, 0x00, 0x00, 0x00, 0x00, 0x00, 0x00, 0x00, 0x00, 0x00, 
	0x00, 0x00, 0x00, 0x00, 0x00, 0x00, 0x00, 0x00, 0x00, 0x00, 0x00, 0x00, 0x00, 0x00, 0x00, 0x00, 
	0x00, 0x00, 0x00, 0x00, 0x00, 0x00, 0x00, 0x00, 0x00, 0x00, 0x00, 0x00, 0x00, 0x00, 0x00, 0x00, 
	0x00, 0x00, 0x00, 0x00, 0x00, 0x00, 0x00, 0x00, 0x00, 0x00, 0x00, 0x00, 0x00, 0x00, 0x00, 0x00, 
	0x00, 0x00, 0x00, 0x00, 0x00, 0x00, 0x00, 0x00, 0x00, 0x00, 0x00, 0x00, 0x00, 0x00, 0x00, 0x00, 
	0x00, 0x00, 0x00, 0x00
};
const unsigned char hippoBitMapInv100 [] PROGMEM = {
	0x00, 0x00, 0x00, 0x00, 0x00, 0x00, 0x00, 0x00, 0x00, 0x00, 0x00, 0x00, 0x00, 0x00, 0x00, 0x00, 
	0x00, 0x00, 0x00, 0x00, 0x00, 0x00, 0x00, 0x00, 0x00, 0x00, 0x00, 0x00, 0x00, 0x00, 0x00, 0x00, 
	0x00, 0x00, 0x00, 0x00, 0x00, 0x00, 0x00, 0x00, 0x00, 0x00, 0x00, 0x00, 0x3f, 0xff, 0xf0, 0x00, 
	0x00, 0x00, 0x00, 0x00, 0x00, 0x00, 0x00, 0x00, 0x00, 0xff, 0xff, 0xfc, 0x00, 0x00, 0x00, 0x00, 
	0x00, 0x00, 0x00, 0x00, 0x00, 0x0f, 0xff, 0xff, 0xff, 0xc0, 0x00, 0x00, 0x00, 0x00, 0x00, 0x00, 
	0x00, 0x00, 0xff, 0xff, 0xff, 0xff, 0xf0, 0x00, 0x00, 0x00, 0x00, 0x00, 0x00, 0x00, 0x01, 0xff, 
	0xff, 0xff, 0xff, 0xf8, 0x00, 0x00, 0x00, 0x00, 0x00, 0x00, 0x00, 0x07, 0xff, 0xff, 0xff, 0xef, 
	0xff, 0x00, 0x00, 0x00, 0x00, 0x00, 0x00, 0x01, 0xff, 0xff, 0xff, 0xf7, 0xff, 0xff, 0xf8, 0x00, 
	0x00, 0x00, 0x00, 0x00, 0x03, 0xff, 0xff, 0xff, 0xff, 0xff, 0xff, 0xfe, 0x00, 0x00, 0x00, 0x00, 
	0x00, 0x07, 0xff, 0xff, 0xff, 0x9f, 0xff, 0xff, 0xff, 0x80, 0x00, 0x00, 0x00, 0x00, 0x1f, 0xff, 
	0xff, 0xff, 0x1f, 0xff, 0xff, 0xff, 0xc0, 0x00, 0x00, 0x00, 0x00, 0x3f, 0xff, 0xff, 0xfe, 0x3f, 
	0xff, 0xff, 0xff, 0xe0, 0x00, 0x00, 0x00, 0x00, 0x7f, 0xff, 0xff, 0xfe, 0xc7, 0x03, 0xff, 0xff, 
	0xf0, 0x00, 0x00, 0x00, 0x00, 0xff, 0xff, 0xff, 0xfd, 0xcf, 0x01, 0xff, 0xff, 0xfc, 0x00, 0x00, 
	0x00, 0x01, 0xff, 0xff, 0xff, 0xf9, 0xff, 0x01, 0xff, 0x80, 0x3c, 0x00, 0x00, 0x00, 0x03, 0xff, 
	0xff, 0xff, 0xf9, 0xff, 0x00, 0xff, 0x00, 0x0c, 0x00, 0x00, 0x00, 0x07, 0xff, 0xff, 0xff, 0xf2, 
	0x7f, 0x00, 0x7f, 0x00, 0x00, 0x00, 0x00, 0x00, 0x0f, 0xff, 0xff, 0xff, 0xf2, 0x7f, 0x80, 0x3e, 
	0x00, 0x00, 0x00, 0x00, 0x00, 0x1f, 0xff, 0xff, 0xff, 0xe2, 0x7f, 0xc0, 0x3e, 0x03, 0x00, 0x00, 
	0x00, 0x00, 0x1f, 0xff, 0xff, 0xff, 0xc0, 0x47, 0xe0, 0x7f, 0x83, 0xe0, 0x00, 0x00, 0x00, 0x3f, 
	0xff, 0xff, 0xff, 0xc0, 0x07, 0xc0, 0xff, 0x01, 0xff, 0xc0, 0x00, 0x00, 0x7f, 0xff, 0xff, 0xff, 
	0x80, 0x03, 0x83, 0xfe, 0x00, 0xff, 0xe0, 0x00, 0x00, 0x7f, 0xff, 0xff, 0xff, 0x00, 0x00, 0x0f, 
	0xf8, 0x00, 0xff, 0xf0, 0x00, 0x00, 0x7f, 0xff, 0xff, 0xfe, 0x00, 0x00, 0x1f, 0xf0, 0x03, 0xff, 
	0xf0, 0x00, 0x00, 0xff, 0xff, 0xff, 0xfe, 0x00, 0x00, 0x3f, 0xc0, 0x07, 0xfe, 0x20, 0x00, 0x01, 
	0xff, 0xff, 0xff, 0xfe, 0x00, 0x00, 0x3c, 0x00, 0x0f, 0x80, 0x00, 0x00, 0x01, 0xff, 0xff, 0xff, 
	0xfc, 0x00, 0x00, 0x6c, 0x00, 0x1f, 0x00, 0x08, 0x00, 0x01, 0xff, 0xff, 0xc3, 0xe0, 0x00, 0x00, 
	0x00, 0x00, 0x1f, 0x00, 0x08, 0x00, 0x01, 0xff, 0xff, 0x03, 0xc0, 0x00, 0x00, 0x02, 0x00, 0x1e, 
	0x00, 0x08, 0x00, 0x03, 0xff, 0xfc, 0x00, 0x00, 0x00, 0x00, 0x00, 0x00, 0x1e, 0x00, 0x08, 0x00, 
	0x03, 0xff, 0xe0, 0x00, 0x00, 0x00, 0x00, 0x00, 0x00, 0x1e, 0x00, 0x08, 0x00, 0x03, 0xff, 0xc0, 
	0x00, 0x00, 0x00, 0x00, 0x00, 0x00, 0x3e, 0x00, 0x08, 0x00, 0x03, 0xff, 0x80, 0x00, 0x00, 0x00, 
	0x00, 0x00, 0x00, 0x7e, 0x00, 0x0c, 0x00, 0x03, 0x9f, 0x00, 0x00, 0x00, 0x00, 0x00, 0x30, 0x01, 
	0xff, 0x00, 0x1c, 0x00, 0x03, 0x9e, 0x00, 0x00, 0x00, 0x00, 0x00, 0x78, 0x03, 0xff, 0x80, 0x1e, 
	0x00, 0x03, 0x1c, 0x00, 0x00, 0x00, 0x00, 0x06, 0xfc, 0x0f, 0xff, 0x80, 0x1e, 0x00, 0x02, 0x1c, 
	0x00, 0x00, 0x00, 0x00, 0x0f, 0xfc, 0x0f, 0xff, 0x80, 0x0e, 0x00, 0x02, 0x1c, 0x00, 0x00, 0x00, 
	0x00, 0x1f, 0xfc, 0x3f, 0xff, 0x80, 0x0e, 0x00, 0x02, 0x0c, 0x00, 0x00, 0x00, 0x00, 0x3f, 0xfc, 
	0x7f, 0xff, 0x80, 0x0e, 0x00, 0x02, 0x00, 0x00, 0x00, 0x00, 0x00, 0x3f, 0xfc, 0x7f, 0xff, 0x80, 
	0x87, 0x00, 0x02, 0x00, 0x00, 0x00, 0x00, 0x00, 0x3f, 0xf8, 0x7f, 0xff, 0x80, 0xc7, 0x00, 0x02, 
	0x00, 0x00, 0x00, 0x00, 0x00, 0x3f, 0xf0, 0x7f, 0xff, 0xc1, 0xe3, 0x00, 0x02, 0x00, 0x00, 0x00, 
	0x00, 0x00, 0x3f, 0xe1, 0xff, 0xff, 0xc7, 0xe1, 0x00, 0x00, 0x00, 0x00, 0x00, 0x00, 0x00, 0x0f, 
	0xc1, 0xff, 0xff, 0x8f, 0xf0, 0x00, 0x00, 0x00, 0x00, 0x00, 0x00, 0x00, 0x07, 0x81, 0xff, 0xff, 
	0x1f, 0xf0, 0x00, 0x02, 0x00, 0x00, 0x00, 0x00, 0x00, 0x00, 0x01, 0xff, 0xfe, 0x1f, 0xf4, 0x00, 
	0x02, 0x00, 0x00, 0x00, 0x00, 0x00, 0x00, 0x01, 0xff, 0xc0, 0x1f, 0x38, 0x00, 0x00, 0x00, 0x00, 
	0x00, 0x00, 0x00, 0x00, 0x03, 0xc0, 0x00, 0x00, 0x00, 0x00, 0x00, 0x00, 0x00, 0x00, 0x00, 0x00, 
	0x00, 0x03, 0x80, 0x00, 0x00, 0x00, 0x00, 0x02, 0x00, 0x00, 0x00, 0x00, 0x00, 0x00, 0x03, 0x80, 
	0x00, 0x00, 0x00, 0x00, 0x00, 0x00, 0x00, 0x00, 0x00, 0x00, 0x00, 0x03, 0x80, 0x00, 0x00, 0x00, 
	0x00, 0x00, 0x00, 0x00, 0x00, 0x00, 0x00, 0x00, 0x03, 0x80, 0x00, 0x00, 0x00, 0xc0, 0x01, 0xc0, 
	0x00, 0x00, 0x00, 0x00, 0x00, 0x03, 0x80, 0x00, 0x00, 0x00, 0xc0, 0x00, 0xc0, 0x80, 0x00, 0x00, 
	0x00, 0x00, 0x03, 0x80, 0x00, 0x00, 0x00, 0xc0, 0x00, 0x60, 0x00, 0x00, 0x00, 0x00, 0x00, 0x03, 
	0x80, 0x00, 0x00, 0x00, 0x00, 0x00, 0x60, 0x00, 0x00, 0x00, 0x00, 0x00, 0x03, 0x00, 0x00, 0x00, 
	0x00, 0x00, 0x00, 0x70, 0x00, 0x00, 0x00, 0x00, 0x00, 0x00, 0x00, 0x00, 0x00, 0x00, 0x00, 0x00, 
	0x60, 0x00, 0x00, 0x00, 0x00, 0x00, 0x00, 0x00, 0x00, 0x00, 0x00, 0x00, 0x00, 0x20, 0x00, 0x00, 
	0x00, 0x00, 0x00, 0x00, 0x00, 0x00, 0x00, 0x00, 0x00, 0x00, 0x00, 0x00, 0x00, 0x00, 0x00, 0x00, 
	0x00, 0x00, 0x00, 0x00, 0x00, 0xc0, 0x00, 0x00, 0x00, 0x00, 0x00, 0x00, 0x00, 0x00, 0x00, 0x00, 
	0x00, 0x00, 0x00, 0x00, 0x00, 0x00, 0x00, 0x00, 0x00, 0x00, 0x00, 0x00, 0x00, 0x00, 0x00, 0x00, 
	0x00, 0x00, 0x00, 0x00, 0x00, 0x00, 0x00, 0x00, 0x00, 0x00, 0x00, 0x00, 0x00, 0x00, 0x00, 0x00, 
	0x00, 0x00, 0x00, 0x00, 0x00, 0x00, 0x00, 0x00, 0x00, 0x00, 0x00, 0x00, 0x00, 0x00, 0x00, 0x00, 
	0x00, 0x00, 0x00, 0x00, 0x00, 0x00, 0x00, 0x00, 0x00, 0x00, 0x00, 0x00, 0x00, 0x00, 0x00, 0x00, 
	0x00, 0x07, 0x80, 0x00, 0x00, 0x00, 0x00, 0x00, 0x00, 0x00, 0x00, 0x00, 0x00, 0x00, 0x00, 0x00, 
	0x00, 0x00, 0x00, 0x00, 0x00, 0x00, 0x00, 0x00, 0x00, 0x00, 0x00, 0x00, 0x00, 0x00, 0x00, 0x00, 
	0x00, 0x00, 0x00, 0x00, 0x00, 0x00, 0x00, 0x00, 0x00, 0x00, 0x00, 0x00, 0x00, 0x00, 0x00, 0x00, 
	0x00, 0x00, 0x00, 0x00, 0x00, 0x00, 0x00, 0x00, 0x00, 0x00, 0x00, 0x00, 0x00, 0x00, 0x00, 0x00, 
	0x00, 0x00, 0x00, 0x00, 0x00, 0x00, 0x00, 0x00, 0x00, 0x00, 0x00, 0x00, 0x02, 0x00, 0x00, 0x00, 
	0x00, 0x00, 0x00, 0x00, 0x80, 0x00, 0x00, 0x00, 0x00, 0x00, 0x00, 0x00, 0x00, 0x00, 0x00, 0x00, 
	0x00, 0x80, 0x00, 0x00, 0x00, 0x00, 0x00, 0x00, 0x00, 0x00, 0x00, 0x00, 0x00, 0x00, 0x80, 0x02, 
	0x01, 0x00, 0x00, 0x00, 0x00, 0x00, 0x00, 0x00, 0x00, 0x00, 0x00, 0x80, 0x00, 0x0e, 0x02, 0x00, 
	0x00, 0x00, 0x00, 0x00, 0x00, 0x00, 0x00, 0x00, 0x80, 0x00, 0x0e, 0x00, 0x00, 0x00, 0x00, 0x00, 
	0x00, 0x00, 0x00, 0x00, 0x00, 0x00, 0x00, 0x0e, 0x00, 0x00, 0x00, 0x00, 0x00, 0x00, 0x00, 0x00, 
	0x00, 0x00, 0x70, 0x00, 0x0e, 0x00, 0x00, 0x00, 0x00, 0x00, 0x00, 0x00, 0x00, 0x00, 0x00, 0x78, 
	0x00, 0x0f, 0x00, 0x00, 0x00, 0x00, 0x00, 0x00, 0x00, 0x00, 0x00, 0x00, 0x7c, 0x00, 0x07, 0x00, 
	0x00, 0x00, 0x00, 0x60, 0x00, 0x00, 0x00, 0x00, 0x00, 0xfc, 0x00, 0x03, 0x01, 0xfe, 0x00, 0x00, 
	0xe0, 0x00, 0x00, 0x00, 0x00, 0x01, 0xfc, 0x00, 0x01, 0xe1, 0xfe, 0x00, 0x00, 0xe0, 0x00, 0x00, 
	0x00, 0x00, 0x07, 0xdc, 0x00, 0x00, 0xfd, 0xfe, 0x00, 0x00, 0x78, 0x00, 0x00, 0x00, 0x00, 0x07, 
	0x9c, 0x00, 0x00, 0x7d, 0xfe, 0x00, 0x00, 0x3c, 0x00, 0x00, 0x00, 0x00, 0x07, 0x98, 0x00, 0x00, 
	0x1f, 0xfe, 0x00, 0x00, 0x1e, 0x00, 0x00, 0x00, 0x00, 0x07, 0x00, 0x00, 0x00, 0x07, 0xde, 0x00, 
	0x00, 0x0f, 0x00, 0x00, 0x00, 0x00, 0x06, 0x00, 0x00, 0x00, 0x03, 0x8e, 0x00, 0x00, 0x07, 0x00, 
	0x00, 0x00, 0x00, 0x00, 0x00, 0x00, 0x00, 0x07, 0x8e, 0x1c, 0x00, 0x00, 0x00, 0x00, 0x00, 0x00, 
	0x00, 0x00, 0x00, 0x00, 0x07, 0x0e, 0x00, 0x00, 0x00, 0x00, 0x00, 0x00, 0x00, 0x00, 0x00, 0x00, 
	0x00, 0x06, 0x04, 0x00, 0x00, 0x00, 0x00, 0x00, 0x00, 0x00, 0x00, 0x00, 0x00, 0x00, 0x04, 0x00, 
	0x00, 0x00, 0x00, 0x00, 0x00, 0x00, 0x00, 0x00, 0x00, 0x00, 0x00, 0x00, 0x00, 0x00, 0x00, 0x00, 
	0x00, 0x00, 0x00, 0x00, 0x00, 0x00, 0x00, 0x00, 0x00, 0x00, 0x00, 0x00, 0x00, 0x00, 0x00, 0x00, 
	0x00, 0x00, 0x00, 0x00, 0x00, 0x00, 0x00, 0x00, 0x00, 0x00, 0x00, 0x00, 0x00, 0x00, 0x00, 0x00, 
	0x00, 0x00, 0x00, 0x00, 0x00, 0x00, 0x00, 0x00, 0x00, 0x00, 0x00, 0x00, 0x00, 0x00, 0x00, 0x00, 
	0x00, 0x00, 0x00, 0x00, 0x00, 0x00, 0x00, 0x00, 0x00, 0x00, 0x00, 0x00, 0x00, 0x00, 0x00, 0x00, 
	0x00, 0x00, 0x00, 0x00
};
const unsigned char hippoBitMapInv105 [] PROGMEM = {
	0x00, 0x00, 0x00, 0x00, 0x00, 0x00, 0x00, 0x00, 0x00, 0x00, 0x00, 0x00, 0x00, 0x00, 0x00, 0x00, 
	0x00, 0x00, 0x00, 0x00, 0x00, 0x00, 0x00, 0x00, 0x00, 0x00, 0x00, 0x00, 0x00, 0x00, 0x00, 0x00, 
	0x00, 0x00, 0x00, 0x00, 0x00, 0x00, 0x00, 0x00, 0x00, 0x00, 0x00, 0x00, 0x00, 0x00, 0x00, 0x00, 
	0x00, 0x00, 0x00, 0x00, 0x00, 0x00, 0x00, 0x00, 0x00, 0x00, 0x00, 0x00, 0x00, 0x3f, 0xff, 0xff, 
	0x80, 0x00, 0x00, 0x00, 0x00, 0x00, 0x00, 0x00, 0x00, 0x00, 0x03, 0xff, 0xff, 0xff, 0xf8, 0x00, 
	0x00, 0x00, 0x00, 0x00, 0x00, 0x00, 0x00, 0x00, 0x07, 0xff, 0xff, 0xff, 0xfc, 0x00, 0x00, 0x00, 
	0x00, 0x00, 0x00, 0x00, 0x00, 0x00, 0x7f, 0xff, 0xff, 0xff, 0xff, 0x80, 0x00, 0x00, 0x00, 0x00, 
	0x00, 0x00, 0x00, 0x01, 0xff, 0xff, 0xff, 0xff, 0xff, 0xe0, 0x00, 0x00, 0x00, 0x00, 0x00, 0x00, 
	0x00, 0x03, 0xff, 0xff, 0xff, 0xff, 0xff, 0xf0, 0x00, 0x00, 0x00, 0x00, 0x00, 0x00, 0x00, 0xff, 
	0xff, 0xff, 0xfd, 0xff, 0xff, 0xff, 0xc0, 0x00, 0x00, 0x00, 0x00, 0x00, 0x01, 0xff, 0xff, 0xff, 
	0xf3, 0xff, 0xff, 0xff, 0xf0, 0x00, 0x00, 0x00, 0x00, 0x00, 0x03, 0xff, 0xff, 0xff, 0xe3, 0xff, 
	0xff, 0xff, 0xf8, 0x00, 0x00, 0x00, 0x00, 0x00, 0x0f, 0xff, 0xff, 0xff, 0xc7, 0xff, 0xff, 0xff, 
	0xfc, 0x00, 0x00, 0x00, 0x00, 0x00, 0x3f, 0xff, 0xff, 0xff, 0xc9, 0xe0, 0xff, 0xff, 0xfe, 0x00, 
	0x00, 0x00, 0x00, 0x00, 0x3f, 0xff, 0xff, 0xff, 0xf9, 0xe0, 0x7f, 0xff, 0xff, 0x00, 0x00, 0x00, 
	0x00, 0x00, 0x7f, 0xff, 0xff, 0xff, 0x3b, 0xe0, 0x3f, 0xff, 0xff, 0xe0, 0x00, 0x00, 0x00, 0x01, 
	0xff, 0xff, 0xff, 0xfe, 0x37, 0xe0, 0x3f, 0xf0, 0x01, 0xe0, 0x00, 0x00, 0x00, 0x01, 0xff, 0xff, 
	0xff, 0xfe, 0x3f, 0xe0, 0x1f, 0xf0, 0x00, 0xc0, 0x00, 0x00, 0x00, 0x03, 0xff, 0xff, 0xff, 0xfe, 
	0x5f, 0xe0, 0x0f, 0xe0, 0x00, 0x00, 0x00, 0x00, 0x00, 0x07, 0xff, 0xff, 0xff, 0xfc, 0xdf, 0xf0, 
	0x07, 0xe0, 0x00, 0x00, 0x00, 0x00, 0x00, 0x0f, 0xff, 0xff, 0xff, 0xf8, 0x1f, 0xf8, 0x07, 0xe0, 
	0x70, 0x00, 0x00, 0x00, 0x00, 0x0f, 0xff, 0xff, 0xff, 0xf0, 0x08, 0xfc, 0x0f, 0xf8, 0x3f, 0x00, 
	0x00, 0x00, 0x00, 0x1f, 0xff, 0xff, 0xff, 0xf0, 0x00, 0xf8, 0x1f, 0xf0, 0x1f, 0xfe, 0x00, 0x00, 
	0x00, 0x3f, 0xff, 0xff, 0xff, 0xe0, 0x00, 0xf0, 0x3f, 0xe0, 0x1f, 0xff, 0x00, 0x00, 0x00, 0x7f, 
	0xff, 0xff, 0xff, 0xc0, 0x00, 0x01, 0xff, 0x00, 0x0f, 0xff, 0x00, 0x00, 0x00, 0x7f, 0xff, 0xff, 
	0xff, 0x80, 0x00, 0x03, 0xff, 0x00, 0x3f, 0xff, 0x80, 0x00, 0x00, 0x7f, 0xff, 0xff, 0xff, 0x80, 
	0x00, 0x07, 0xfe, 0x00, 0x7f, 0xf3, 0x00, 0x00, 0x00, 0xff, 0xff, 0xff, 0xff, 0x80, 0x00, 0x0f, 
	0x80, 0x00, 0xf8, 0x00, 0x00, 0x00, 0x00, 0xff, 0xff, 0xff, 0xff, 0x00, 0x00, 0x0f, 0x80, 0x01, 
	0xf8, 0x00, 0x40, 0x00, 0x00, 0xff, 0xff, 0xff, 0xfe, 0x00, 0x00, 0x08, 0x80, 0x01, 0xf0, 0x00, 
	0x40, 0x00, 0x01, 0xff, 0xff, 0xc0, 0xf0, 0x00, 0x00, 0x00, 0x40, 0x03, 0xe0, 0x00, 0x40, 0x00, 
	0x01, 0xff, 0xfe, 0x00, 0x00, 0x00, 0x00, 0x00, 0x00, 0x03, 0xe0, 0x00, 0x40, 0x00, 0x03, 0xff, 
	0xfc, 0x00, 0x00, 0x00, 0x00, 0x00, 0x00, 0x03, 0xe0, 0x00, 0x40, 0x00, 0x03, 0xff, 0xf0, 0x00, 
	0x00, 0x00, 0x00, 0x00, 0x00, 0x03, 0xe0, 0x00, 0x40, 0x00, 0x03, 0xff, 0xe0, 0x00, 0x00, 0x00, 
	0x00, 0x00, 0x00, 0x07, 0xe0, 0x00, 0x40, 0x00, 0x03, 0xff, 0xc0, 0x00, 0x00, 0x00, 0x00, 0x00, 
	0x00, 0x0f, 0xf0, 0x00, 0xe0, 0x00, 0x03, 0x8f, 0x80, 0x00, 0x00, 0x00, 0x00, 0x0e, 0x00, 0x3f, 
	0xf0, 0x01, 0xe0, 0x00, 0x03, 0x8f, 0x00, 0x00, 0x00, 0x00, 0x00, 0x1f, 0x00, 0xff, 0xf8, 0x01, 
	0xf0, 0x00, 0x03, 0x8e, 0x00, 0x00, 0x00, 0x00, 0x00, 0xdf, 0x81, 0xff, 0xf8, 0x01, 0xf0, 0x00, 
	0x03, 0x0e, 0x00, 0x00, 0x00, 0x00, 0x03, 0xff, 0x81, 0xff, 0xf8, 0x00, 0xf0, 0x00, 0x03, 0x0e, 
	0x00, 0x00, 0x00, 0x00, 0x07, 0xff, 0x87, 0xff, 0xf8, 0x00, 0x70, 0x00, 0x02, 0x0e, 0x00, 0x00, 
	0x00, 0x00, 0x07, 0xff, 0x8f, 0xff, 0xf8, 0x00, 0x70, 0x00, 0x02, 0x00, 0x00, 0x00, 0x00, 0x00, 
	0x07, 0xff, 0x8f, 0xff, 0xf8, 0x08, 0x38, 0x00, 0x02, 0x00, 0x00, 0x00, 0x00, 0x00, 0x07, 0xff, 
	0x07, 0xff, 0xf8, 0x0c, 0x38, 0x00, 0x02, 0x00, 0x00, 0x00, 0x00, 0x00, 0x07, 0xfe, 0x07, 0xff, 
	0xfc, 0x0e, 0x38, 0x00, 0x02, 0x00, 0x00, 0x00, 0x00, 0x00, 0x07, 0xfc, 0x3f, 0xff, 0xfc, 0x7e, 
	0x18, 0x00, 0x00, 0x00, 0x00, 0x00, 0x00, 0x00, 0x03, 0xf8, 0x3f, 0xff, 0xf8, 0xff, 0x00, 0x00, 
	0x00, 0x00, 0x00, 0x00, 0x00, 0x00, 0x01, 0xf0, 0x3f, 0xff, 0xf0, 0xff, 0x80, 0x00, 0x02, 0x00, 
	0x00, 0x00, 0x00, 0x00, 0x00, 0x00, 0x3f, 0xff, 0xe1, 0xff, 0x80, 0x00, 0x02, 0x00, 0x00, 0x00, 
	0x00, 0x00, 0x00, 0x00, 0x3f, 0xfc, 0x00, 0xff, 0xc0, 0x00, 0x02, 0x00, 0x00, 0x00, 0x00, 0x00, 
	0x00, 0x00, 0x3f, 0xf8, 0x00, 0xf1, 0xc8, 0x00, 0x00, 0x00, 0x00, 0x00, 0x00, 0x00, 0x00, 0x00, 
	0x70, 0x00, 0x00, 0x00, 0x00, 0x00, 0x00, 0x00, 0x00, 0x00, 0x00, 0x00, 0x00, 0x00, 0x70, 0x00, 
	0x00, 0x00, 0x00, 0x00, 0x00, 0x00, 0x00, 0x00, 0x00, 0x00, 0x00, 0x00, 0x70, 0x00, 0x00, 0x00, 
	0x00, 0x00, 0x00, 0x00, 0x00, 0x00, 0x00, 0x00, 0x00, 0x00, 0x70, 0x00, 0x00, 0x00, 0x00, 0x00, 
	0x00, 0x00, 0x00, 0x00, 0x00, 0x00, 0x00, 0x00, 0x70, 0x00, 0x00, 0x00, 0x06, 0x00, 0x00, 0xe0, 
	0x00, 0x00, 0x00, 0x00, 0x00, 0x00, 0x70, 0x00, 0x00, 0x00, 0x06, 0x00, 0x00, 0x60, 0x40, 0x00, 
	0x00, 0x00, 0x00, 0x00, 0x70, 0x00, 0x00, 0x00, 0x06, 0x00, 0x00, 0x60, 0x00, 0x00, 0x00, 0x00, 
	0x00, 0x00, 0x70, 0x00, 0x00, 0x00, 0x00, 0x00, 0x00, 0x70, 0x00, 0x00, 0x00, 0x00, 0x00, 0x00, 
	0x70, 0x00, 0x00, 0x00, 0x00, 0x00, 0x00, 0x70, 0x00, 0x00, 0x00, 0x00, 0x00, 0x00, 0x00, 0x00, 
	0x00, 0x00, 0x00, 0x00, 0x00, 0x30, 0x00, 0x00, 0x00, 0x00, 0x00, 0x00, 0x00, 0x00, 0x00, 0x00, 
	0x00, 0x00, 0x00, 0x10, 0x00, 0x00, 0x00, 0x00, 0x00, 0x00, 0x00, 0x00, 0x00, 0x00, 0x00, 0x00, 
	0x00, 0x00, 0x00, 0x00, 0x00, 0x00, 0x00, 0x00, 0x00, 0x00, 0x00, 0x00, 0x06, 0x00, 0x00, 0x00, 
	0x00, 0x00, 0x00, 0x00, 0x00, 0x00, 0x00, 0x00, 0x00, 0x00, 0x00, 0x00, 0x00, 0x00, 0x00, 0x00, 
	0x00, 0x00, 0x00, 0x00, 0x00, 0x00, 0x00, 0x00, 0x00, 0x00, 0x00, 0x00, 0x00, 0x00, 0x00, 0x00, 
	0x00, 0x00, 0x00, 0x00, 0x00, 0x00, 0x00, 0x00, 0x00, 0x00, 0x00, 0x00, 0x00, 0x00, 0x00, 0x00, 
	0x00, 0x00, 0x00, 0x00, 0x00, 0x00, 0x00, 0x08, 0x00, 0x00, 0x00, 0x00, 0x00, 0x00, 0x00, 0x00, 
	0x00, 0x00, 0x00, 0x00, 0x00, 0x00, 0x00, 0x00, 0x00, 0x00, 0x00, 0x00, 0x00, 0x00, 0x00, 0x78, 
	0x00, 0x00, 0x00, 0x00, 0x00, 0x00, 0x00, 0x00, 0x00, 0x00, 0x00, 0x00, 0x00, 0x00, 0x00, 0x00, 
	0x00, 0x00, 0x00, 0x00, 0x00, 0x00, 0x00, 0x00, 0x00, 0x00, 0x00, 0x00, 0x00, 0x00, 0x00, 0x00, 
	0x00, 0x00, 0x00, 0x00, 0x00, 0x00, 0x00, 0x00, 0x00, 0x00, 0x00, 0x00, 0x00, 0x00, 0x00, 0x00, 
	0x00, 0x00, 0x00, 0x00, 0x00, 0x00, 0x00, 0x00, 0x00, 0x00, 0x00, 0x00, 0x00, 0x00, 0x00, 0x00, 
	0x00, 0x00, 0x00, 0x00, 0x00, 0x00, 0x00, 0x00, 0x00, 0x00, 0x00, 0x00, 0x00, 0x00, 0x00, 0x00, 
	0x40, 0x00, 0x00, 0x00, 0x00, 0x00, 0x00, 0x00, 0x00, 0x00, 0x00, 0x00, 0x00, 0x00, 0x00, 0x00, 
	0x00, 0x00, 0x00, 0x00, 0x00, 0x00, 0x40, 0x00, 0x00, 0x00, 0x00, 0x00, 0x00, 0x00, 0x00, 0x00, 
	0x00, 0x00, 0x00, 0x00, 0x40, 0x00, 0x00, 0x00, 0x00, 0x00, 0x00, 0x00, 0x00, 0x00, 0x00, 0x00, 
	0x00, 0x00, 0x40, 0x00, 0x00, 0x40, 0x00, 0x00, 0x00, 0x00, 0x00, 0x00, 0x00, 0x00, 0x00, 0x00, 
	0x40, 0x00, 0x03, 0x80, 0xc0, 0x00, 0x00, 0x00, 0x00, 0x00, 0x00, 0x00, 0x00, 0x00, 0x40, 0x00, 
	0x03, 0x80, 0x00, 0x00, 0x00, 0x00, 0x00, 0x00, 0x00, 0x00, 0x00, 0x00, 0x40, 0x00, 0x03, 0x80, 
	0x00, 0x00, 0x00, 0x00, 0x00, 0x00, 0x00, 0x00, 0x00, 0x00, 0x38, 0x00, 0x03, 0x80, 0x00, 0x00, 
	0x00, 0x00, 0x00, 0x00, 0x00, 0x00, 0x00, 0x00, 0x3c, 0x00, 0x03, 0xc0, 0x00, 0x00, 0x00, 0x00, 
	0x00, 0x00, 0x00, 0x00, 0x00, 0x00, 0x3e, 0x00, 0x03, 0xc0, 0x00, 0x00, 0x00, 0x0e, 0x00, 0x00, 
	0x00, 0x00, 0x00, 0x00, 0x7e, 0x00, 0x01, 0xc0, 0x3f, 0x80, 0x00, 0x1e, 0x00, 0x00, 0x00, 0x00, 
	0x00, 0x01, 0xfe, 0x00, 0x00, 0x78, 0x3f, 0x80, 0x00, 0x1e, 0x00, 0x00, 0x00, 0x00, 0x00, 0x03, 
	0xfe, 0x00, 0x00, 0x7c, 0x3f, 0x80, 0x00, 0x0e, 0x00, 0x00, 0x00, 0x00, 0x00, 0x03, 0xc6, 0x00, 
	0x00, 0x3f, 0x7f, 0x80, 0x00, 0x07, 0xc0, 0x00, 0x00, 0x00, 0x00, 0x03, 0xce, 0x00, 0x00, 0x07, 
	0xff, 0x80, 0x00, 0x03, 0xe0, 0x00, 0x00, 0x00, 0x00, 0x03, 0xcc, 0x00, 0x00, 0x03, 0xff, 0x80, 
	0x00, 0x01, 0xf0, 0x00, 0x00, 0x00, 0x00, 0x03, 0x80, 0x00, 0x00, 0x00, 0xe3, 0x80, 0x00, 0x00, 
	0xf0, 0x00, 0x00, 0x00, 0x00, 0x00, 0x00, 0x00, 0x00, 0x01, 0xe3, 0x83, 0x80, 0x00, 0x00, 0x00, 
	0x00, 0x00, 0x00, 0x00, 0x00, 0x00, 0x00, 0x01, 0xe3, 0x81, 0x00, 0x00, 0x00, 0x00, 0x00, 0x00, 
	0x00, 0x00, 0x00, 0x00, 0x00, 0x01, 0xc1, 0x80, 0x00, 0x00, 0x00, 0x00, 0x00, 0x00, 0x00, 0x00, 
	0x00, 0x00, 0x00, 0x01, 0x80, 0x00, 0x00, 0x00, 0x00, 0x00, 0x00, 0x00, 0x00, 0x00, 0x00, 0x00, 
	0x00, 0x01, 0x00, 0x00, 0x00, 0x00, 0x00, 0x00, 0x00, 0x00, 0x00, 0x00, 0x00, 0x00, 0x00, 0x00, 
	0x00, 0x00, 0x00, 0x00, 0x00, 0x00, 0x00, 0x00, 0x00, 0x00, 0x00, 0x00, 0x00, 0x00, 0x00, 0x00, 
	0x00, 0x00, 0x00, 0x00, 0x00, 0x00, 0x00, 0x00, 0x00, 0x00, 0x00, 0x00, 0x00, 0x00, 0x00, 0x00, 
	0x00, 0x00, 0x00, 0x00, 0x00, 0x00, 0x00, 0x00, 0x00, 0x00, 0x00, 0x00, 0x00, 0x00, 0x00, 0x00, 
	0x00, 0x00, 0x00, 0x00, 0x00, 0x00, 0x00, 0x00, 0x00, 0x00, 0x00, 0x00, 0x00, 0x00, 0x00, 0x00, 
	0x00, 0x00, 0x00, 0x00, 0x00, 0x00, 0x00, 0x00, 0x00, 0x00, 0x00, 0x00, 0x00, 0x00
};
const unsigned char hippoBitMapInv110 [] PROGMEM = {
	0x00, 0x00, 0x00, 0x00, 0x00, 0x00, 0x00, 0x00, 0x00, 0x00, 0x00, 0x00, 0x00, 0x00, 0x00, 0x00, 
	0x00, 0x00, 0x00, 0x00, 0x00, 0x00, 0x00, 0x00, 0x00, 0x00, 0x00, 0x00, 0x00, 0x00, 0x00, 0x00, 
	0x00, 0x00, 0x00, 0x00, 0x00, 0x00, 0x00, 0x00, 0x00, 0x00, 0x00, 0x00, 0x00, 0x00, 0x00, 0x00, 
	0x00, 0x00, 0x00, 0x00, 0x00, 0x00, 0x00, 0x00, 0x00, 0x00, 0x00, 0x00, 0x00, 0x0f, 0xff, 0xff, 
	0xf0, 0x00, 0x00, 0x00, 0x00, 0x00, 0x00, 0x00, 0x00, 0x00, 0x00, 0x7f, 0xff, 0xff, 0xff, 0x00, 
	0x00, 0x00, 0x00, 0x00, 0x00, 0x00, 0x00, 0x00, 0x01, 0xff, 0xff, 0xff, 0xff, 0x80, 0x00, 0x00, 
	0x00, 0x00, 0x00, 0x00, 0x00, 0x00, 0x1f, 0xff, 0xff, 0xff, 0xff, 0xf0, 0x00, 0x00, 0x00, 0x00, 
	0x00, 0x00, 0x00, 0x00, 0x3f, 0xff, 0xff, 0xff, 0xff, 0xf8, 0x00, 0x00, 0x00, 0x00, 0x00, 0x00, 
	0x00, 0x00, 0xff, 0xff, 0xff, 0xff, 0xbf, 0xfe, 0x00, 0x00, 0x00, 0x00, 0x00, 0x00, 0x00, 0x3f, 
	0xff, 0xff, 0xff, 0xbf, 0xff, 0xff, 0xf8, 0x00, 0x00, 0x00, 0x00, 0x00, 0x00, 0x7f, 0xff, 0xff, 
	0xff, 0xbf, 0xff, 0xff, 0xfc, 0x00, 0x00, 0x00, 0x00, 0x00, 0x00, 0xff, 0xff, 0xff, 0xfc, 0x7f, 
	0xff, 0xff, 0xff, 0x80, 0x00, 0x00, 0x00, 0x00, 0x03, 0xff, 0xff, 0xff, 0xf8, 0xff, 0xff, 0xff, 
	0xff, 0xc0, 0x00, 0x00, 0x00, 0x00, 0x0f, 0xff, 0xff, 0xff, 0xf1, 0xff, 0xff, 0xff, 0xff, 0xc0, 
	0x00, 0x00, 0x00, 0x00, 0x1f, 0xff, 0xff, 0xff, 0xf2, 0x3c, 0x0f, 0xff, 0xff, 0xf0, 0x00, 0x00, 
	0x00, 0x00, 0x3f, 0xff, 0xff, 0xff, 0xfe, 0x3c, 0x07, 0xff, 0xff, 0xf8, 0x00, 0x00, 0x00, 0x00, 
	0x7f, 0xff, 0xff, 0xff, 0xcf, 0x7c, 0x07, 0xff, 0xff, 0xfe, 0x00, 0x00, 0x00, 0x00, 0xff, 0xff, 
	0xff, 0xff, 0x8f, 0xfc, 0x03, 0xff, 0x00, 0x1e, 0x00, 0x00, 0x00, 0x01, 0xff, 0xff, 0xff, 0xff, 
	0x8f, 0xfc, 0x03, 0xfe, 0x00, 0x04, 0x00, 0x00, 0x00, 0x03, 0xff, 0xff, 0xff, 0xff, 0x93, 0xfc, 
	0x01, 0xfe, 0x00, 0x00, 0x00, 0x00, 0x00, 0x07, 0xff, 0xff, 0xff, 0xff, 0x13, 0xfe, 0x00, 0xfc, 
	0x00, 0x00, 0x00, 0x00, 0x00, 0x07, 0xff, 0xff, 0xff, 0xfe, 0x13, 0xff, 0x00, 0xfc, 0x06, 0x00, 
	0x00, 0x00, 0x00, 0x07, 0xff, 0xff, 0xff, 0xfc, 0x02, 0x3f, 0x81, 0xff, 0x87, 0xf0, 0x00, 0x00, 
	0x00, 0x0f, 0xff, 0xff, 0xff, 0xfc, 0x00, 0x3f, 0x03, 0xff, 0x03, 0xff, 0xe0, 0x00, 0x00, 0x1f, 
	0xff, 0xff, 0xff, 0xfc, 0x00, 0x1e, 0x07, 0xfe, 0x01, 0xff, 0xf0, 0x00, 0x00, 0x3f, 0xff, 0xff, 
	0xff, 0xf0, 0x00, 0x00, 0x1f, 0xf0, 0x00, 0xff, 0xf8, 0x00, 0x00, 0x7f, 0xff, 0xff, 0xff, 0xf0, 
	0x00, 0x00, 0x3f, 0xe0, 0x01, 0xff, 0xf8, 0x00, 0x00, 0x7f, 0xff, 0xff, 0xff, 0xe0, 0x00, 0x00, 
	0x7f, 0xc0, 0x07, 0xff, 0x38, 0x00, 0x00, 0xff, 0xff, 0xff, 0xff, 0xe0, 0x00, 0x00, 0xf0, 0x00, 
	0x0f, 0x80, 0x00, 0x00, 0x00, 0xff, 0xff, 0xff, 0xff, 0xc0, 0x00, 0x01, 0xf0, 0x00, 0x1f, 0x80, 
	0x00, 0x00, 0x00, 0xff, 0xff, 0xff, 0xff, 0x80, 0x00, 0x01, 0xb0, 0x00, 0x3f, 0x00, 0x04, 0x00, 
	0x00, 0xff, 0xff, 0xf0, 0x7c, 0x00, 0x00, 0x00, 0x00, 0x00, 0x3f, 0x00, 0x06, 0x00, 0x00, 0xff, 
	0xff, 0xe0, 0x3c, 0x00, 0x00, 0x02, 0x00, 0x00, 0x3e, 0x00, 0x06, 0x00, 0x03, 0xff, 0xff, 0x00, 
	0x00, 0x00, 0x00, 0x00, 0x00, 0x00, 0x3e, 0x00, 0x06, 0x00, 0x03, 0xff, 0xfc, 0x00, 0x00, 0x00, 
	0x00, 0x00, 0x00, 0x00, 0x3e, 0x00, 0x06, 0x00, 0x03, 0xff, 0xf0, 0x00, 0x00, 0x00, 0x00, 0x00, 
	0x00, 0x00, 0x3e, 0x00, 0x06, 0x00, 0x03, 0xff, 0xe0, 0x00, 0x00, 0x00, 0x00, 0x00, 0x00, 0x00, 
	0x7e, 0x00, 0x06, 0x00, 0x03, 0xff, 0xc0, 0x00, 0x00, 0x00, 0x00, 0x00, 0x00, 0x01, 0xff, 0x00, 
	0x0f, 0x00, 0x03, 0xcf, 0x80, 0x00, 0x00, 0x00, 0x00, 0x01, 0xe0, 0x07, 0xff, 0x00, 0x0f, 0x00, 
	0x03, 0x87, 0x00, 0x00, 0x00, 0x00, 0x00, 0x03, 0xf0, 0x1f, 0xff, 0x80, 0x0f, 0x00, 0x03, 0x87, 
	0x00, 0x00, 0x00, 0x00, 0x00, 0x3f, 0xf0, 0x3f, 0xff, 0x80, 0x0f, 0x00, 0x03, 0x07, 0x00, 0x00, 
	0x00, 0x00, 0x00, 0x7f, 0xf0, 0x3f, 0xff, 0x80, 0x07, 0x00, 0x03, 0x07, 0x00, 0x00, 0x00, 0x00, 
	0x00, 0xff, 0xf0, 0xff, 0xff, 0x80, 0x07, 0x00, 0x03, 0x06, 0x00, 0x00, 0x00, 0x00, 0x01, 0xff, 
	0xf1, 0xff, 0xff, 0x80, 0x03, 0x80, 0x03, 0x00, 0x00, 0x00, 0x00, 0x00, 0x01, 0xff, 0xf1, 0xff, 
	0xff, 0x80, 0x03, 0xc0, 0x03, 0x00, 0x00, 0x00, 0x00, 0x00, 0x01, 0xff, 0xe0, 0xff, 0xff, 0x80, 
	0xe1, 0xc0, 0x03, 0x00, 0x00, 0x00, 0x00, 0x00, 0x01, 0xff, 0xc0, 0xff, 0xff, 0xc0, 0xf1, 0xc0, 
	0x03, 0x00, 0x00, 0x00, 0x00, 0x00, 0x01, 0xff, 0x83, 0xff, 0xff, 0xc3, 0xf0, 0xc0, 0x00, 0x00, 
	0x00, 0x00, 0x00, 0x00, 0x00, 0xff, 0x03, 0xff, 0xff, 0xc7, 0xf0, 0x00, 0x00, 0x00, 0x00, 0x00, 
	0x00, 0x00, 0x00, 0x7e, 0x03, 0xff, 0xff, 0x8f, 0xf8, 0x00, 0x00, 0x00, 0x00, 0x00, 0x00, 0x00, 
	0x00, 0x00, 0x03, 0xff, 0xff, 0x0f, 0xf8, 0x00, 0x03, 0x00, 0x00, 0x00, 0x00, 0x00, 0x00, 0x00, 
	0x03, 0xff, 0xfe, 0x0f, 0xfd, 0x00, 0x03, 0x00, 0x00, 0x00, 0x00, 0x00, 0x00, 0x00, 0x07, 0xff, 
	0x80, 0x0f, 0x0e, 0x40, 0x00, 0x00, 0x00, 0x00, 0x00, 0x00, 0x00, 0x00, 0x07, 0x00, 0x00, 0x00, 
	0x00, 0x00, 0x00, 0x00, 0x00, 0x00, 0x00, 0x00, 0x00, 0x00, 0x0e, 0x00, 0x00, 0x00, 0x00, 0x00, 
	0x00, 0x00, 0x00, 0x00, 0x00, 0x00, 0x00, 0x00, 0x0e, 0x00, 0x00, 0x00, 0x00, 0x00, 0x00, 0x00, 
	0x00, 0x00, 0x00, 0x00, 0x00, 0x00, 0x0e, 0x00, 0x00, 0x00, 0x00, 0x00, 0x00, 0x00, 0x00, 0x00, 
	0x00, 0x00, 0x00, 0x00, 0x0e, 0x00, 0x00, 0x00, 0x00, 0x20, 0x00, 0x60, 0x00, 0x00, 0x00, 0x00, 
	0x00, 0x00, 0x0e, 0x00, 0x00, 0x00, 0x00, 0x30, 0x00, 0xe0, 0x00, 0x00, 0x00, 0x00, 0x00, 0x00, 
	0x0e, 0x00, 0x00, 0x00, 0x00, 0x30, 0x00, 0x60, 0x20, 0x00, 0x00, 0x00, 0x00, 0x00, 0x0e, 0x00, 
	0x00, 0x00, 0x00, 0x20, 0x00, 0x70, 0x00, 0x00, 0x00, 0x00, 0x00, 0x00, 0x0e, 0x00, 0x00, 0x00, 
	0x00, 0x00, 0x00, 0x78, 0x00, 0x00, 0x00, 0x00, 0x00, 0x00, 0x06, 0x00, 0x00, 0x00, 0x00, 0x00, 
	0x00, 0x38, 0x00, 0x00, 0x00, 0x00, 0x00, 0x00, 0x00, 0x00, 0x00, 0x00, 0x00, 0x00, 0x00, 0x38, 
	0x00, 0x00, 0x00, 0x00, 0x00, 0x00, 0x00, 0x00, 0x00, 0x00, 0x00, 0x00, 0x00, 0x18, 0x00, 0x00, 
	0x00, 0x00, 0x00, 0x00, 0x00, 0x00, 0x00, 0x00, 0x00, 0x00, 0x00, 0x00, 0x00, 0x00, 0x00, 0x00, 
	0x00, 0x00, 0x00, 0x00, 0x00, 0x00, 0x00, 0x20, 0x00, 0x00, 0x00, 0x00, 0x00, 0x00, 0x00, 0x00, 
	0x00, 0x00, 0x00, 0x00, 0x00, 0x00, 0x00, 0x00, 0x00, 0x00, 0x00, 0x00, 0x00, 0x00, 0x00, 0x00, 
	0x00, 0x00, 0x00, 0x00, 0x00, 0x00, 0x00, 0x00, 0x00, 0x00, 0x00, 0x00, 0x00, 0x00, 0x00, 0x00, 
	0x00, 0x00, 0x00, 0x00, 0x00, 0x00, 0x00, 0x00, 0x00, 0x00, 0x00, 0x00, 0x00, 0x00, 0x00, 0x00, 
	0x00, 0x04, 0x00, 0x00, 0x00, 0x00, 0x00, 0x00, 0x00, 0x00, 0x00, 0x00, 0x00, 0x00, 0x00, 0x00, 
	0x00, 0x00, 0x00, 0x00, 0x00, 0x00, 0x00, 0x00, 0x00, 0x03, 0x80, 0x00, 0x00, 0x00, 0x00, 0x00, 
	0x00, 0x00, 0x00, 0x00, 0x00, 0x00, 0x00, 0x03, 0x80, 0x00, 0x00, 0x00, 0x00, 0x00, 0x00, 0x00, 
	0x00, 0x00, 0x00, 0x00, 0x00, 0x40, 0x00, 0x00, 0x00, 0x00, 0x00, 0x00, 0x00, 0x00, 0x00, 0x00, 
	0x00, 0x00, 0x00, 0x00, 0x00, 0x00, 0x00, 0x00, 0x00, 0x00, 0x00, 0x00, 0x00, 0x00, 0x00, 0x00, 
	0x00, 0x00, 0x00, 0x00, 0x00, 0x00, 0x00, 0x00, 0x00, 0x00, 0x00, 0x00, 0x00, 0x00, 0x00, 0x00, 
	0x00, 0x00, 0x00, 0x00, 0x00, 0x00, 0x00, 0x00, 0x00, 0x00, 0x00, 0x00, 0x00, 0x00, 0x00, 0x00, 
	0x00, 0x00, 0x00, 0x00, 0x00, 0x00, 0x00, 0x00, 0x08, 0x00, 0x00, 0x00, 0x00, 0x00, 0x00, 0x00, 
	0x20, 0x00, 0x00, 0x00, 0x00, 0x00, 0x00, 0x00, 0x00, 0x00, 0x00, 0x00, 0x00, 0x00, 0x20, 0x00, 
	0x00, 0x00, 0x00, 0x00, 0x00, 0x00, 0x00, 0x00, 0x00, 0x00, 0x00, 0x00, 0x20, 0x00, 0x00, 0x10, 
	0x00, 0x00, 0x00, 0x00, 0x00, 0x00, 0x00, 0x00, 0x00, 0x00, 0x20, 0x00, 0x00, 0x60, 0x00, 0x00, 
	0x00, 0x00, 0x00, 0x00, 0x00, 0x00, 0x00, 0x00, 0x20, 0x00, 0x00, 0xe0, 0x10, 0x00, 0x00, 0x00, 
	0x00, 0x00, 0x00, 0x00, 0x00, 0x00, 0x20, 0x00, 0x00, 0xe0, 0x00, 0x00, 0x00, 0x00, 0x00, 0x00, 
	0x00, 0x00, 0x00, 0x00, 0x20, 0x00, 0x00, 0xe0, 0x00, 0x00, 0x00, 0x00, 0x00, 0x00, 0x00, 0x00, 
	0x00, 0x00, 0x1c, 0x00, 0x00, 0xe0, 0x00, 0x00, 0x00, 0x00, 0x00, 0x00, 0x00, 0x00, 0x00, 0x00, 
	0x1e, 0x00, 0x00, 0xf0, 0x00, 0x00, 0x00, 0x00, 0x40, 0x00, 0x00, 0x00, 0x00, 0x00, 0x1f, 0x00, 
	0x00, 0xf0, 0x00, 0x00, 0x00, 0x00, 0xc0, 0x00, 0x00, 0x00, 0x00, 0x00, 0x7f, 0x00, 0x00, 0x70, 
	0x0f, 0xf0, 0x00, 0x01, 0xc0, 0x00, 0x00, 0x00, 0x00, 0x00, 0xff, 0x00, 0x00, 0x3e, 0x0f, 0xf0, 
	0x00, 0x01, 0xc0, 0x00, 0x00, 0x00, 0x00, 0x01, 0xff, 0x00, 0x00, 0x1f, 0x0f, 0xf0, 0x00, 0x01, 
	0xe0, 0x00, 0x00, 0x00, 0x00, 0x03, 0xe7, 0x00, 0x00, 0x0f, 0xcf, 0xf0, 0x00, 0x00, 0xf8, 0x00, 
	0x00, 0x00, 0x00, 0x03, 0xe7, 0x00, 0x00, 0x03, 0xff, 0xf0, 0x00, 0x00, 0x7c, 0x00, 0x00, 0x00, 
	0x00, 0x03, 0xe7, 0x00, 0x00, 0x00, 0xff, 0xf0, 0x00, 0x00, 0x3e, 0x00, 0x00, 0x00, 0x00, 0x03, 
	0xc0, 0x00, 0x00, 0x00, 0x3c, 0x70, 0x00, 0x00, 0x1f, 0x00, 0x00, 0x00, 0x00, 0x01, 0x80, 0x00, 
	0x00, 0x00, 0x3c, 0x70, 0x00, 0x00, 0x07, 0x00, 0x00, 0x00, 0x00, 0x00, 0x00, 0x00, 0x00, 0x00, 
	0x7c, 0x70, 0x70, 0x00, 0x00, 0x00, 0x00, 0x00, 0x00, 0x00, 0x00, 0x00, 0x00, 0x00, 0x78, 0x70, 
	0x00, 0x00, 0x00, 0x00, 0x00, 0x00, 0x00, 0x00, 0x00, 0x00, 0x00, 0x00, 0x70, 0x60, 0x00, 0x00, 
	0x00, 0x00, 0x00, 0x00, 0x00, 0x00, 0x00, 0x00, 0x00, 0x00, 0x60, 0x00, 0x00, 0x00, 0x00, 0x00, 
	0x00, 0x00, 0x00, 0x00, 0x00, 0x00, 0x00, 0x00, 0x00, 0x00, 0x00, 0x00, 0x00, 0x00, 0x00, 0x00, 
	0x00, 0x00, 0x00, 0x00, 0x00, 0x00, 0x00, 0x00, 0x00, 0x00, 0x00, 0x00, 0x00, 0x00, 0x00, 0x00, 
	0x00, 0x00, 0x00, 0x00, 0x00, 0x00, 0x00, 0x00, 0x00, 0x00, 0x00, 0x00, 0x00, 0x00, 0x00, 0x00, 
	0x00, 0x00, 0x00, 0x00, 0x00, 0x00, 0x00, 0x00, 0x00, 0x00, 0x00, 0x00, 0x00, 0x00, 0x00, 0x00, 
	0x00, 0x00, 0x00, 0x00, 0x00, 0x00, 0x00, 0x00, 0x00, 0x00, 0x00, 0x00, 0x00, 0x00, 0x00, 0x00, 
	0x00, 0x00, 0x00, 0x00, 0x00, 0x00, 0x00, 0x00, 0x00, 0x00, 0x00, 0x00, 0x00, 0x00, 0x00, 0x00, 
	0x00, 0x00, 0x00, 0x00
};
const unsigned char hippoBitMapBonked60 [] PROGMEM = {
	0x00, 0x00, 0x00, 0x00, 0x00, 0x00, 0x00, 0x00, 0x00, 0x00, 0x00, 0x00, 0x00, 0x00, 0x00, 0x00, 
	0x00, 0x00, 0x00, 0x00, 0x00, 0x00, 0x00, 0x00, 0x00, 0x00, 0x00, 0x00, 0x00, 0x00, 0x00, 0x00, 
	0x00, 0x00, 0x00, 0x00, 0x00, 0x00, 0x00, 0x00, 0x00, 0x00, 0x00, 0x00, 0x00, 0x00, 0x00, 0x00, 
	0x00, 0x00, 0x00, 0x00, 0x00, 0x00, 0x00, 0x00, 0x00, 0x00, 0x00, 0x00, 0x00, 0x00, 0x00, 0x00, 
	0x00, 0x00, 0x00, 0x00, 0x00, 0x00, 0x00, 0x00, 0x00, 0x00, 0x00, 0x00, 0x10, 0x00, 0x00, 0x00, 
	0x00, 0x00, 0x00, 0x00, 0x1e, 0x00, 0x20, 0x00, 0x00, 0x00, 0x00, 0x00, 0x16, 0x18, 0x00, 0x00, 
	0x00, 0x00, 0x00, 0x00, 0x1e, 0x3c, 0x10, 0x00, 0x00, 0x00, 0x00, 0x00, 0x3e, 0x38, 0x78, 0x00, 
	0x00, 0x00, 0x00, 0x00, 0x3c, 0x38, 0xf8, 0x00, 0x00, 0x00, 0x00, 0x00, 0x3c, 0x3f, 0xf8, 0x00, 
	0x00, 0x00, 0x00, 0x00, 0x3c, 0x3f, 0xfc, 0x00, 0x00, 0x00, 0x00, 0x00, 0x7c, 0x3f, 0xf8, 0x00, 
	0x00, 0x00, 0x00, 0x00, 0xfe, 0x3f, 0xfe, 0x00, 0x00, 0x00, 0x00, 0x00, 0xfe, 0x3f, 0xfe, 0x00, 
	0x00, 0x00, 0x00, 0x01, 0xfe, 0x3f, 0xff, 0x00, 0x00, 0x00, 0x00, 0x03, 0xfe, 0x1f, 0xff, 0x80, 
	0x00, 0x00, 0x00, 0x03, 0xe2, 0x4f, 0xff, 0x00, 0x00, 0x00, 0x00, 0x03, 0xc1, 0x3d, 0xff, 0x00, 
	0x00, 0x00, 0x00, 0x00, 0x00, 0x3f, 0xfe, 0x00, 0x00, 0x00, 0x00, 0x00, 0x00, 0x33, 0x7e, 0x00, 
	0x00, 0x00, 0x00, 0x00, 0x00, 0x7f, 0xfe, 0x00, 0x00, 0x00, 0x00, 0x00, 0x01, 0xff, 0xfe, 0x00, 
	0x00, 0x00, 0x00, 0x00, 0x03, 0xff, 0xfe, 0x00, 0x00, 0x00, 0x00, 0x00, 0x07, 0xff, 0xfc, 0x00, 
	0x00, 0x00, 0x00, 0x00, 0x0f, 0xff, 0xfc, 0x00, 0x00, 0x00, 0x00, 0x00, 0x1f, 0xff, 0xf8, 0x00, 
	0x00, 0x00, 0x00, 0x00, 0x0f, 0xff, 0xf8, 0x00, 0x00, 0x00, 0x00, 0x01, 0xff, 0xff, 0xf0, 0x00, 
	0x00, 0x00, 0x00, 0x03, 0xff, 0xff, 0xf0, 0x00, 0x00, 0x1c, 0x00, 0x07, 0xff, 0xff, 0xf0, 0x00, 
	0x00, 0x3c, 0x00, 0x07, 0xff, 0xff, 0xe0, 0x00, 0x10, 0xfc, 0x00, 0x07, 0xff, 0xff, 0xe0, 0x00, 
	0x1f, 0xf8, 0x00, 0x07, 0xff, 0xff, 0xe0, 0x00, 0x0f, 0xf8, 0x00, 0x07, 0xff, 0xff, 0xc0, 0x00, 
	0x00, 0x30, 0x00, 0x7f, 0xff, 0xff, 0xc0, 0x00, 0x00, 0x10, 0x00, 0x3f, 0xff, 0xff, 0x80, 0x00, 
	0x00, 0x00, 0x00, 0x3f, 0xff, 0xff, 0x00, 0x00, 0x00, 0x18, 0x00, 0x3f, 0xff, 0xfe, 0x00, 0x00, 
	0x00, 0x10, 0x00, 0x3f, 0xff, 0xfe, 0x00, 0x00, 0x00, 0x3b, 0x87, 0xff, 0xff, 0xf8, 0x00, 0x00, 
	0x00, 0x7f, 0x9f, 0xff, 0xff, 0xf0, 0x00, 0x00, 0x00, 0x7f, 0x3f, 0xff, 0xff, 0xc0, 0x00, 0x00, 
	0x00, 0x0c, 0x7f, 0xff, 0xff, 0x00, 0x00, 0x00, 0x00, 0x00, 0xff, 0xff, 0xfc, 0x00, 0x00, 0x00, 
	0x00, 0x03, 0xff, 0xff, 0xc0, 0x00, 0x00, 0x00, 0x00, 0x07, 0xff, 0xf0, 0x00, 0x00, 0x00, 0x00, 
	0x00, 0x1f, 0xc0, 0x00, 0x00, 0x00, 0x00, 0x00, 0x00, 0x7e, 0x00, 0x00, 0x00, 0x00, 0x00, 0x00, 
	0x00, 0x38, 0x00, 0x00, 0x00, 0x00, 0x00, 0x00, 0x00, 0x00, 0x00, 0x00, 0x00, 0x00, 0x00, 0x00, 
	0x00, 0x00, 0x00, 0x00, 0x00, 0x00, 0x00, 0x00, 0x00, 0x00, 0x00, 0x00, 0x00, 0x00, 0x00, 0x00, 
	0x00, 0x00, 0x00, 0x00, 0x00, 0x00, 0x00, 0x00, 0x00, 0x00, 0x00, 0x00, 0x00, 0x00, 0x00, 0x00
};
const unsigned char iconoCorazon[] PROGMEM = {
  0x00, 0x00,
  0x6C, 0x6C,
  0xFE, 0xFE,
  0xFE, 0xFE,
  0x7C, 0x7C,
  0x38, 0x38,
  0x10, 0x10,
  0x00, 0x00,
  0x00, 0x00,
  0x00, 0x00,
  0x00, 0x00,
  0x00, 0x00,
  0x00, 0x00,
  0x00, 0x00,
  0x00, 0x00,
  0x00, 0x00
};
const unsigned char iconoGota[] PROGMEM = {
  0x10, 0x10,
  0x38, 0x38,
  0x7C, 0x7C,
  0x7C, 0x7C,
  0x38, 0x38,
  0x10, 0x10,
  0x00, 0x00,
  0x10, 0x10,
  0x38, 0x38,
  0x38, 0x38,
  0x10, 0x10,
  0x00, 0x00,
  0x00, 0x00,
  0x00, 0x00,
  0x00, 0x00,
  0x00, 0x00
};
const unsigned char iconoCaraSeria[] PROGMEM = {
  0x3C, 0x3C,
  0x42, 0x42,
  0xA5, 0xA5,
  0x81, 0x81,
  0xBD, 0xBD,
  0x81, 0x81,
  0xA5, 0xA5,
  0x42, 0x42,
  0x3C, 0x3C,
  0x00, 0x00,
  0x00, 0x00,
  0x00, 0x00,
  0x00, 0x00,
  0x00, 0x00,
  0x00, 0x00,
  0x00, 0x00
};
const unsigned char iconoKissy[] PROGMEM = {
  0x3C, 0x3C,
  0x42, 0x42,
  0xA5, 0xA5,
  0x99, 0x99,
  0xBD, 0xBD,
  0xA5, 0xA5,
  0x42, 0x42,
  0x3C, 0x3C,
  0x08, 0x08,
  0x1C, 0x1C,
  0x1C, 0x1C,
  0x08, 0x08,
  0x00, 0x00,
  0x00, 0x00,
  0x00, 0x00,
  0x00, 0x00
};
const unsigned char iconoMano[] PROGMEM = {
  0x18, 0x18,
  0x18, 0x18,
  0x7E, 0x7E,
  0x3C, 0x3C,
  0x3C, 0x3C,
  0x7E, 0x7E,
  0x18, 0x18,
  0x18, 0x18,
  0x00, 0x00,
  0x00, 0x00,
  0x00, 0x00,
  0x00, 0x00,
  0x00, 0x00,
  0x00, 0x00,
  0x00, 0x00,
  0x00, 0x00
};
const unsigned char iconoLatigo[] PROGMEM = {
  0x00, 0x00,
  0xC0, 0xC0,
  0xE0, 0xE0,
  0xF0, 0xF0,
  0xF8, 0xF8,
  0xFC, 0xFC,
  0xF8, 0xF8,
  0x70, 0x70,
  0x20, 0x20,
  0x40, 0x40,
  0x80, 0x80,
  0x00, 0x00,
  0x00, 0x00,
  0x00, 0x00,
  0x00, 0x00,
  0x00, 0x00
};
const unsigned char iconoTick[] PROGMEM = {
  0x00, 0x00,
  0x02, 0x02,
  0x06, 0x06,
  0x0C, 0x0C,
  0x18, 0x18,
  0x30, 0x30,
  0x60, 0x60,
  0xC0, 0xC0,
  0x60, 0x60,
  0x30, 0x30,
  0x18, 0x18,
  0x0C, 0x0C,
  0x06, 0x06,
  0x02, 0x02,
  0x00, 0x00,
  0x00, 0x00
};
const unsigned char iconoCruz[] PROGMEM = {
  0x00, 0x00,
  0x42, 0x42,
  0x66, 0x66,
  0x3C, 0x3C,
  0x18, 0x18,
  0x3C, 0x3C,
  0x66, 0x66,
  0x42, 0x42,
  0x00, 0x00,
  0x00, 0x00,
  0x00, 0x00,
  0x00, 0x00,
  0x00, 0x00,
  0x00, 0x00,
  0x00, 0x00,
  0x00, 0x00
};
const unsigned char iconoMando [] PROGMEM = {
	0x00, 0x00, 0x00, 0x00, 0x00, 0x00, 0x00, 0x00, 0x00, 0x00, 0x00, 0x00, 0x00, 0x00, 0x00, 0x00, 
	0x00, 0x00, 0x00, 0x00, 0x00, 0x00, 0x00, 0x00, 0x00, 0x00, 0x00, 0x00, 0x00, 0x00, 0x00, 0x00, 
	0x00, 0x00, 0x00, 0x00, 0x00, 0x00, 0x00, 0x00, 0x00, 0x00, 0x00, 0x00, 0x00, 0x00, 0x00, 0x00, 
	0x00, 0x00, 0x00, 0x00, 0x00, 0x00, 0x00, 0x00, 0x0f, 0xff, 0xf8, 0x00, 0x00, 0x7f, 0xff, 0xfe, 
	0x00, 0x00, 0xff, 0xff, 0xff, 0x00, 0x01, 0xe7, 0xff, 0xe7, 0x80, 0x01, 0xc7, 0xff, 0xe3, 0x80, 
	0x01, 0xc3, 0xff, 0xc3, 0xc0, 0x03, 0x00, 0xff, 0x18, 0xc0, 0x03, 0x00, 0xff, 0x18, 0xc0, 0x03, 
	0x00, 0xff, 0x08, 0xc0, 0x03, 0xc3, 0xff, 0xe3, 0xc0, 0x03, 0xc7, 0xff, 0xe7, 0xc0, 0x03, 0xef, 
	0x00, 0xf7, 0xc0, 0x03, 0xfe, 0x00, 0x7f, 0xc0, 0x03, 0xfc, 0x00, 0x3f, 0xc0, 0x03, 0xf8, 0x00, 
	0x1f, 0xc0, 0x01, 0xf8, 0x00, 0x1f, 0x80, 0x01, 0xf0, 0x00, 0x0f, 0x80, 0x00, 0x40, 0x00, 0x02, 
	0x00, 0x00, 0x00, 0x00, 0x00, 0x00
};

#endif 
